lead_id,source,handle,store_name,contact_name,email,phone,city,country,followers,active_listings,avg_listing_price_gbp,sales_velocity_30d,est_monthly_spend_gbp,stage,first_seen_date,last_touch_date,num_touches,last_inbound_text,assigned_bdr,notes,handle_clean,store_clean,city_clean,country_clean,email_clean,email_valid,phone_clean,phone_valid,spend_clean,spend_is_cap,followers_clean,velocity_clean,listings_clean,avg_price_clean,stage_raw,first_seen,last_touch,last_touch_reliable,first_seen_future,data_quality_flags,dedupe_key,lead_type,primary_channel,conversation_channel,sales_goal,human_owner_status,dm_active,email_active,call_active,warm_call_eligible,dm_step,email_step,call_step,dm_next_date,email_next_date,call_next_date,warm_call_due,reply_sentiment,sequence_step,tracks_initialized,last_action_key
L0188,Physical Store,,Rusty Wardrobe,Dmitri Rossi,shop@rustywardrobe.com,+31 576 8362487,Amsterdam,NL,,,,,"£5,170",lost,2026-01-04,,5,"Happy to chat, mornings best.",Tomas,"slow to reply [merged L0252: stage=contacted, bdr=Tomas, said='Happy to chat, mornings best.']",,Rusty Wardrobe,Amsterdam,NL,shop@rustywardrobe.com,True,+315768362487,True,5170.0,False,,,,,lost,2026-01-04,2026-02-09,True,False,"[""merged_duplicate""]",s:rusty wardrobe|amsterdam|nl,shop,email,,book_visit,closed,False,True,True,True,0,0,0,,,,False,positive,0,True,
L0224,store,,Past Cellar,Tom Berg,tomberg@outlook.com,+1 394 8899136,LA,US,,,,,"£5,150",replied,,2025-12-18,6,,,met at market [merged L0254: stage=contacted],,Past Cellar,LA,US,tomberg@outlook.com,True,+13948899136,True,5150.0,False,,,,,Reply,,2025-12-18,True,False,"[""merged_duplicate""]",s:past cellar|la|us,shop,email,,book_visit,active,False,True,True,True,0,4,0,,,,False,none,0,True,
L0105,Whatnot,@sepiacollective,,Greta,,,,,1157,39,15,13,140,call_booked,2026-02-19,20/02/2026,4,need to think about it,Maya,slow to reply,sepiacollective,,,,,False,,False,140.0,False,1157.0,13.0,39.0,15.0,call-booked,2026-02-19,2026-02-20,True,False,[],h:sepiacollective,reseller,dm,,book_call,closed,True,False,False,False,0,0,0,,,,False,none,0,True,
L0175,in-person,cinderwaxfinds,Loft Cellar,Priya Fischer,shop@loftcellar.com,0044785719596,Manchester,UK,,,,0,£860,ghosted,08/12/2025,,4,"Happy to chat, mornings best.",,,cinderwaxfinds,Loft Cellar,Manchester,UK,shop@loftcellar.com,True,+44785719596,True,860.0,False,,0.0,,,ghosted,2025-12-08,,True,False,"[""handle_on_store""]",s:loft cellar|manchester|uk,shop,email,email,book_visit,active,False,True,True,True,0,4,0,,,,False,positive,0,True,
L0044,Depop,plumetonicthreads,,,,,,,21314,327,62,110,9000,warm,Dec 31,01/01/2026,5,send me the bundle list,,owner travels a lot,plumetonicthreads,,,,,False,,False,9000.0,True,21314.0,110.0,327.0,62.0,warm,2025-12-31,2026-01-01,True,False,[],h:plumetonicthreads,reseller,dm,dm,book_call,active,True,False,False,False,4,0,0,,,,False,positive,0,True,
L0051,Depop,@thriftwaxthreads,,,,,,,3281,47,11,17,£290,replied,2025-12-24,,5,what brands do you take?,Priya,met at market,thriftwaxthreads,,,,,False,,False,290.0,False,3281.0,17.0,47.0,11.0,replied,2025-12-24,,True,False,[],h:thriftwaxthreads,reseller,dm,dm,book_call,active,True,False,False,False,4,0,0,,,,False,none,0,True,
L0013,Whatnot,reworkedrelic_,,,,,,,16608,381,68,87,"£9,000",replied,2026-01-13,2026-01-25,3,already on another platform tbh,,slow to reply,reworkedrelic_,,,,,False,,False,9000.0,True,16608.0,87.0,381.0,68.0,Reply,2026-01-13,2026-01-25,True,False,[],h:reworkedrelic_,reseller,dm,dm,book_call,active,True,False,False,False,3,0,0,2026-01-30,,,False,negative,0,True,
L0041,IG,@giltvintage,,Nadia,,,,,41381,249,54,191,9000,contacted,2026-01-23,2026-02-27,3,what brands do you take?,Priya,wants menswear focus,giltvintage,,,,,False,,False,9000.0,True,41381.0,191.0,249.0,54.0,Contacted,2026-01-23,2026-02-27,True,False,[],h:giltvintage,reseller,dm,dm,book_call,active,True,False,False,False,3,0,0,2026-03-04,,,False,none,0,True,
L0248,Physical Store,,Atelier Garms,Carlos Park,,+33 878 1129387,Paris,FR,,,,,1400,negotiating,2026-02-23,,6,,Maya,wants menswear focus,,Atelier Garms,Paris,FR,,False,+338781129387,True,1400.0,False,,,,,negotiating,2026-02-23,,True,False,[],s:atelier garms|paris|fr,shop,call,,book_visit,closed,False,False,True,True,0,0,0,,,,False,none,0,True,
L0226,in-person,@driftshop,Brick Lane Closet,Yuki Park,info@bricklaneclose.co.uk,+1 138 9584195,New York,US,,,,,"£5,200",ghosted,Dec 29,Jan 5,5,"Sure, pop in on Thursday.",,price sensitive,driftshop,Brick Lane Closet,New York,US,info@bricklaneclose.co.uk,True,+11389584195,True,5200.0,False,,,,,no response,2025-12-29,2026-01-05,True,False,"[""handle_on_store""]",s:brick lane closet|new york|us,shop,email,email,book_visit,active,False,True,True,True,0,4,0,,,,False,positive,0,True,
L0247,in-person,,Loft Exchange,Ines Marchetti,ines@@hotmail.com,07318 272813,Bristol,UK,,,,,"£2,800",won,2026-02-06,2026-02-12,3,Not taking on new channels currently.,Tomas,,,Loft Exchange,Bristol,UK,ines@hotmail.com,True,07318 272813,True,2800.0,False,,,,,WON,2026-02-06,2026-02-12,True,False,[],s:loft exchange|bristol|uk,shop,email,,book_visit,closed,False,True,True,True,0,0,0,,,,False,none,0,True,
L0230,Physical Store,,Second Garms,James Weber,info@secondgarms.co.uk,+1 616 9161729,LA,US,,0,,,"£2,790",warm,2026-02-21,2026-02-21,5,"Thanks, can you email a one-pager?",,,,Second Garms,LA,US,info@secondgarms.co.uk,True,+16169161729,True,2790.0,False,,,0.0,,Warm,2026-02-21,2026-02-21,True,False,[],s:second garms|la|us,shop,email,email,book_visit,active,False,True,True,True,0,4,0,,,,False,none,0,True,
L0042,Depop,@prelovedtonicvintage,,Pablo,,,,,53745,435,64,109,9000,lost,2025-12-26,Jan 13,6,already on another platform tbh,,ref from supplier,prelovedtonicvintage,,,,,False,,False,9000.0,True,53745.0,109.0,435.0,64.0,Lost,2025-12-26,2026-01-13,True,False,[],h:prelovedtonicvintage,reseller,dm,,book_call,closed,True,False,False,False,0,0,0,,,,False,negative,0,True,
L0156,google_maps,,Loft Lane,Lena Park,lenapark79@outlook.com,+44 7737 683411,Bristol,UK,,,,,"£2,580",ghosted,Dec 29,05/01/2026,2,"Sure, pop in on Thursday.",Maya,follows competitor,,Loft Lane,Bristol,UK,lenapark79@outlook.com,True,+447737683411,True,2580.0,False,,,,,ghosted,2025-12-29,2026-01-05,True,False,[],s:loft lane|bristol|uk,shop,email,email,book_visit,active,False,True,True,True,0,2,0,,2026-01-09,,False,positive,0,True,
L0250,in-person,,Brick Lane Emporium,Dmitri Rossi,shop@bricklaneempor.store,7366811166,Bristol,UK,,,,,"£5,480",call_booked,2026-01-01,2026-01-25,4,,Maya,wants menswear focus,,Brick Lane Emporium,Bristol,UK,shop@bricklaneempor.store,True,7366811166,True,5480.0,False,,,,,Call Booked,2026-01-01,2026-01-25,True,False,[],s:brick lane emporium|bristol|uk,shop,email,,book_visit,closed,False,True,True,True,0,0,0,,,,False,none,0,True,
L0251,instagram_dm,@marrowgrail_uk,,Aisha,,,,,1958,70,14,31,£600,warm,04/12/2025,2026-02-12,6,,Tomas,"met at market [merged L0003: stage=warm, bdr=Tomas]",marrowgrail_uk,,,,,False,,False,600.0,False,1958.0,31.0,70.0,14.0,Warm,2025-12-04,2026-02-12,True,False,"[""merged_duplicate""]",h:marrowgrail_uk,reseller,dm,,book_call,active,True,False,False,False,4,0,0,,,,False,none,0,True,
L0244,Physical Store,,The Vault,Marcus Lopez,marcuslopez35@gmail.com,,Manchester,UK,,,,,990,new,2026-02-28,28/02/2026,0,"Sure, pop in on Thursday.",Priya,slow to reply,,The Vault,Manchester,UK,marcuslopez35@gmail.com,True,,False,990.0,False,,,,,New Lead,2026-02-28,2026-02-28,True,False,[],s:the vault|manchester|uk,shop,email,,book_visit,active,False,True,False,False,0,0,0,,2026-03-01,,False,positive,0,True,
L0098,Whatnot,@giltsupply,,,,,,,4975,62,28,2,£120,call_booked,03/12/2025,,1,send me the bundle list,,met at market,giltsupply,,,,,False,,False,120.0,False,4975.0,2.0,62.0,28.0,Call Booked,2025-12-03,,True,False,[],h:giltsupply,reseller,dm,,book_call,closed,True,False,False,False,0,0,0,,,,False,positive,0,True,
L0109,Depop,instagram.com/thriftvintage,,,,,,,286,65,37,20,"£1,330",replied,,2026-01-11,3,do you ship to EU?,,met at market,thriftvintage,,,,,False,,False,1330.0,False,286.0,20.0,65.0,37.0,replied,,2026-01-11,True,False,[],h:thriftvintage,reseller,dm,dm,book_call,active,True,False,False,False,3,0,0,2026-01-16,,,False,none,0,True,
L0151,in-person,,Past Lane,Aisha Okafor,hello@pastlane.co.uk,07473 285162,Leeds,UK,,,,,"£4,580",ghosted,2025-12-30,,5,,,wants menswear focus [merged L0259: stage=new],,Past Lane,Leeds,UK,hello@pastlane.co.uk,True,07473 285162,True,4580.0,False,,,,,ghosted,2025-12-30,,True,False,"[""merged_duplicate""]",s:past lane|leeds|uk,shop,email,,book_visit,active,False,True,True,True,0,4,0,,,,False,none,0,True,
L0021,IG,@reworkedstaticfinds,,Omar,,,,,843,103,9,29,460,replied,2025-12-16,2025-12-27,9,send me the bundle list,,"slow to reply [merged L0262: stage=new, said='send me the bundle list']",reworkedstaticfinds,,,,,False,,False,460.0,False,843.0,29.0,103.0,9.0,replied,2025-12-16,2026-02-05,True,False,"[""merged_duplicate""]",h:reworkedstaticfinds,reseller,dm,dm,book_call,active,True,False,False,False,4,0,0,,,,False,positive,0,True,
L0202,Physical Store,,Loft Collective,Nadia Nguyen,,+49 701 3495802,Berlin,DE,0,,,,2670,ghosted,2026-01-04,2026-02-21,5,Interested - send pricing.,,wants menswear focus,,Loft Collective,Berlin,DE,,False,+497013495802,True,2670.0,False,0.0,,,,ghosted,2026-01-04,2026-02-21,True,False,[],s:loft collective|berlin|de,shop,call,call,book_visit,active,False,False,True,True,0,0,2,,,,False,positive,0,True,
L0233,Physical Store,,The Collective,Priya Tanaka,shop@thecollective.com,07182 574459,London,UK,,,,,880,warm,18/12/2025,22/02/2026,3,"Owner is back next week, call then.",Priya,price sensitive,,The Collective,London,UK,shop@thecollective.com,True,07182 574459,True,880.0,False,,,,,warm,2025-12-18,2026-02-22,True,False,[],s:the collective|london|uk,shop,email,email,book_visit,active,False,True,True,True,0,3,0,,2026-02-27,,True,positive,0,True,
L0236,in-person,,Maison Emporium,Felix Rossi,felixrossi@gmail.com,+33 692 3932047,Paris,FR,,,,,"£5,670",replied,2026-01-27,19/02/2026,5,Not taking on new channels currently.,,ref from supplier,,Maison Emporium,Paris,FR,felixrossi@gmail.com,True,+336923932047,True,5670.0,False,,,,,Reply,2026-01-27,2026-02-19,True,False,[],s:maison emporium|paris|fr,shop,email,email,book_visit,active,False,True,True,True,0,4,0,,,,False,none,0,True,
L0153,store,,Brick Lane Bazaar,Marta Schmidt,martaschmidt75@outlook.com,+44 7519 325528,Manchester,UK,,,,,3430,ghosted,2025-12-15,2025-12-30,6,"Owner is back next week, call then.",Maya,ref from supplier,,Brick Lane Bazaar,Manchester,UK,martaschmidt75@outlook.com,True,+447519325528,True,3430.0,False,,,,,Ghosted,2025-12-15,2025-12-30,True,False,[],s:brick lane bazaar|manchester|uk,shop,email,email,book_visit,active,False,True,True,True,0,4,0,,,,False,positive,0,True,
L0187,Physical Store,,Maison Rail,Omar Moreau,info@maisonrail.store,+44 7792 907326,Bristol,UK,,,,,840,won,2026-01-09,09/01/2026,6,Interested - send pricing.,,"owner travels a lot [merged L0161: stage=negotiating, said='Interested - send pricing.']",,Maison Rail,Bristol,UK,info@maisonrail.store,True,+447792907326,True,840.0,False,,,,,Closed Won,2026-01-09,2026-02-26,True,False,"[""merged_duplicate""]",s:maison rail|bristol|uk,shop,email,,book_visit,closed,False,True,True,True,0,0,0,,,,False,positive,0,True,
L0116,instagram_dm,@relicvintage,,James,,,,,5815,32,25,40,£980,warm,2026-01-10,,4,how does payout work,,,relicvintage,,,,,False,,False,980.0,False,5815.0,40.0,32.0,25.0,Warm,2026-01-10,,True,False,[],h:relicvintage,reseller,dm,dm,book_call,active,True,False,False,False,4,0,0,,,,False,none,0,True,
L0166,Physical Store,,Loft Collective,Sven Reid,svenreid@hotmail.com,+44 7797 777255,Bristol,UK,,,,,"£2,630",lost,Dec 20,2026-02-28,6,"Too busy this season, try later.",,owner travels a lot,,Loft Collective,Bristol,UK,svenreid@hotmail.com,True,+447797777255,True,2630.0,False,,,,,lost,2025-12-20,2026-02-28,True,False,[],s:loft collective|bristol|uk,shop,email,,book_visit,closed,False,True,True,True,0,0,0,,,,False,none,0,True,
L0081,Instagram,@fadedstaticsupply,,,,,,,6942,81,28,39,2770,replied,2026-01-09,15/01/2026,6,already on another platform tbh,Tomas,big consignment potential,fadedstaticsupply,,,,,False,,False,2770.0,False,6942.0,39.0,81.0,28.0,replied,2026-01-09,2026-01-15,True,False,[],h:fadedstaticsupply,reseller,dm,dm,book_call,active,True,False,False,False,4,0,0,,,,False,negative,0,True,
L0067,instagram_dm,@fadedthreadbarefinds,,,,,,,4982,53,35,30,"£1,550",lost,2026-02-19,2026-02-27,6,maybe next month,,big consignment potential,fadedthreadbarefinds,,,,,False,,False,1550.0,False,4982.0,30.0,53.0,35.0,Lost,2026-02-19,2026-02-27,True,False,[],h:fadedthreadbarefinds,reseller,dm,,book_call,closed,True,False,False,False,0,0,0,,,,False,positive,0,True,
L0103,eBay,@archive__,,Raj,,,,,4496,53,14,25,350,contacted,2025-12-10,2025-12-19,6,can you do a call fri?,,wants menswear focus,archive__,,,,,False,,False,350.0,False,4496.0,25.0,53.0,14.0,contacted,2025-12-10,2025-12-19,True,False,[],h:archive__,reseller,dm,dm,book_call,active,True,False,False,False,4,0,0,,,,False,positive,0,True,
L0193,google_maps,,House of Collective,Priya Berg,priyaberg@outlook.com,+1 337 1436821,New York,US,,0,,,1890,contacted,2025-12-12,2026-01-03,3,Not taking on new channels currently.,,ref from supplier,,House of Collective,New York,US,priyaberg@outlook.com,True,+13371436821,True,1890.0,False,,,0.0,,contacted,2025-12-12,2026-01-03,True,False,[],s:house of collective|new york|us,shop,email,email,book_visit,active,False,True,True,True,0,3,0,,2026-01-08,,False,none,0,True,
L0075,eBay,@hazely2kgallery,,,,,,,6375,78,24,26,"£1,090",replied,2025-12-23,2026-01-12,3,maybe next month,,,hazely2kgallery,,,,,False,,False,1090.0,False,6375.0,26.0,78.0,24.0,Reply,2025-12-23,2026-01-12,True,False,[],h:hazely2kgallery,reseller,dm,dm,book_call,active,True,False,False,False,3,0,0,2026-01-17,,,False,positive,0,True,
L0056,Depop,sepiay2kfinds,,,,,,,5162,66,36,19,1150,warm,2026-01-03,2026-01-07,6,send me the bundle list,Priya,big consignment potential,sepiay2kfinds,,,,,False,,False,1150.0,False,5162.0,19.0,66.0,36.0,Warm,2026-01-03,2026-01-07,True,False,[],h:sepiay2kfinds,reseller,dm,dm,book_call,active,True,False,False,False,4,0,0,,,,False,positive,0,True,
L0082,instagram_dm,giltfadedvintage,,,,,,,4750,52,29,4,120,replied,2025-12-20,2026-01-07,5,,Maya,met at market,giltfadedvintage,,,,,False,,False,120.0,False,4750.0,4.0,52.0,29.0,replied,2025-12-20,2026-01-07,True,False,[],h:giltfadedvintage,reseller,dm,,book_call,active,True,False,False,False,4,0,0,,,,False,none,0,True,
L0197,store,,Corner Loom,Yuki Tanaka,hello@cornerloom.com,+44 7524 968605,Manchester,UK,,,,,3980,new,,2026-02-15,5,"Thanks, can you email a one-pager?",Tomas,high engagement acct,,Corner Loom,Manchester,UK,hello@cornerloom.com,True,+447524968605,True,3980.0,False,,,,,New Lead,,2026-02-15,True,False,[],s:corner loom|manchester|uk,shop,email,,book_visit,active,False,True,True,True,0,4,0,,,,False,none,0,True,
L0118,Vinted,vntgfinds,,,,,,,4216,122,40,31,5100,warm,2026-02-18,Feb 20,4,whats your commission?,,slow to reply,vntgfinds,,,,,False,,False,5100.0,False,4216.0,31.0,122.0,40.0,warm,2026-02-18,2026-02-20,True,False,[],h:vntgfinds,reseller,dm,dm,book_call,active,True,False,False,False,4,0,0,,,,False,positive,0,True,
L0083,Instagram,heritageember_uk,,,,,,,39501,377,61,79,9000,lost,2026-02-02,2026-02-11,6,do you ship to EU?,,owner travels a lot,heritageember_uk,,,,,False,,False,9000.0,True,39501.0,79.0,377.0,61.0,lost,2026-02-02,2026-02-11,True,False,[],h:heritageember_uk,reseller,dm,,book_call,closed,True,False,False,False,0,0,0,,,,False,none,0,True,
L0033,Whatnot,instagram.com/moththreads,,,,,,,36610,568,37,206,9000,ghosted,2026-02-11,2026-02-20,3,,,big consignment potential,moththreads,,,,,False,,False,9000.0,True,36610.0,206.0,568.0,37.0,no response,2026-02-11,2026-02-20,True,False,[],h:moththreads,reseller,dm,,book_call,active,True,False,False,False,3,0,0,2026-02-25,,,False,none,0,True,
L0110,Vinted,@wornvintage,,,,,,,2717,46,22,15,£520,call_booked,2026-01-17,2026-02-28,1,,Maya,met at market,wornvintage,,,,,False,,False,520.0,False,2717.0,15.0,46.0,22.0,Call Booked,2026-01-17,2026-02-28,True,False,[],h:wornvintage,reseller,dm,,book_call,closed,True,False,False,False,0,0,0,,,,False,none,0,True,
L0002,Depop,@emberfadedsupply,,,,,,,4412,68,23,28,1120,replied,05/02/2026,2026-02-25,5,whats the catch lol,Maya,"met at market [merged L0261: stage=new, bdr=Maya, said='whats the catch lol']",emberfadedsupply,,,,,False,,False,1120.0,False,4412.0,28.0,68.0,23.0,replied,2026-02-05,2026-02-25,True,False,"[""merged_duplicate""]",h:emberfadedsupply,reseller,dm,dm,book_call,active,True,False,False,False,4,0,0,,,,False,none,0,True,
L0253,Whatnot,giltgiltgallery,,,,,,,28205,539,35,213,9000,contacted,09/01/2026,,5,,Maya,"[merged L0120: stage=contacted, bdr=Maya]",giltgiltgallery,,,,,False,,False,9000.0,True,28205.0,213.0,539.0,35.0,Contacted,2026-01-09,,True,False,"[""merged_duplicate""]",h:giltgiltgallery,reseller,dm,,book_call,active,True,False,False,False,4,0,0,,,,False,none,0,True,
L0213,in-person,,Second Threads,Pablo Novak,shop@secondthreads.com,,London,UK,0,,,,3100,new,2025-12-30,2026-02-28,0,,,price sensitive,,Second Threads,London,UK,shop@secondthreads.com,True,,False,3100.0,False,0.0,,,,new lead,2025-12-30,2026-02-28,True,False,[],s:second threads|london|uk,shop,email,,book_visit,active,False,True,False,False,0,0,0,,2026-03-01,,False,none,0,True,
L0207,store,@staticcollective,Camden Vault,Elena Silva,,,LA,US,,0,,,"£5,450",lost,16/01/2026,,2,"Owner is back next week, call then.",,slow to reply,staticcollective,Camden Vault,LA,US,,False,,False,5450.0,False,,,0.0,,Lost,2026-01-16,,True,False,"[""handle_on_store""]",s:camden vault|la|us,shop,dm,,book_visit,closed,True,False,False,False,0,0,0,,,,False,positive,0,True,
L0152,store,,Second Threads,Bea Bennett,,+31 365 2691664,Amsterdam,NL,,,,,4510,ghosted,2026-02-23,2026-02-24,5,Not taking on new channels currently.,Tomas,"met at market [merged L0258: stage=new, bdr=Tomas, said='Not taking on new channels currently.']",,Second Threads,Amsterdam,NL,,False,+313652691664,True,4510.0,False,,,,,no response,2026-02-23,2026-02-24,True,False,"[""merged_duplicate""]",s:second threads|amsterdam|nl,shop,call,call,book_visit,active,False,False,True,True,0,0,2,,,,False,none,0,True,
L0030,Depop,@emberretrovintage,,,,,,,6733,13,14,9,120,ghosted,Jan 9,2026-01-15,3,how much for the whole bundle?,Priya,met at market,emberretrovintage,,,,,False,,False,120.0,False,6733.0,9.0,13.0,14.0,ghosted,2026-01-09,2026-01-15,True,False,[],h:emberretrovintage,reseller,dm,dm,book_call,active,True,False,False,False,3,0,0,2026-01-20,,,False,positive,0,True,
L0169,google_maps,,Found Loom,Marcus Silva,marcussilva93@outlook.com,0044783305446,Manchester,UK,,,,,£490,ghosted,2026-02-15,2026-02-24,3,"Owner is back next week, call then.",,owner travels a lot,,Found Loom,Manchester,UK,marcussilva93@outlook.com,True,+44783305446,True,490.0,False,,,,,Ghosted,2026-02-15,2026-02-24,True,False,[],s:found loom|manchester|uk,shop,email,email,book_visit,active,False,True,True,True,0,3,0,,2026-03-01,,False,positive,0,True,
L0016,eBay,instagram.com/archivestatic_uk,,,,,,,837,110,30,27,2210,replied,2026-02-26,Feb 27,5,need to think about it,Priya,high engagement acct,archivestatic_uk,,,,,False,,False,2210.0,False,837.0,27.0,110.0,30.0,Reply,2026-02-26,2026-02-27,True,False,[],h:archivestatic_uk,reseller,dm,dm,book_call,active,True,False,False,False,4,0,0,,,,False,none,0,True,
L0015,IG,@sableshop,,,,,,,707,66,39,38,1890,replied,Feb 13,2026-02-21,6,ok sounds good when can we talk,Maya,"owner travels a lot [merged L0263: stage=new, bdr=Maya, said='ok sounds good when can we talk']",sableshop,,,,,False,,False,1890.0,False,707.0,38.0,66.0,39.0,Reply,2026-02-13,2026-02-21,True,False,"[""merged_duplicate""]",h:sableshop,reseller,dm,dm,book_call,active,True,False,False,False,4,0,0,,,,False,positive,0,True,
L0087,Instagram,@giltwornarchive,,,pablokhan50@gmail.com,,,,2248,71,30,29,1680,replied,25/12/2025,2026-01-03,4,how does payout work,Tomas,high engagement acct,giltwornarchive,,,,pablokhan50@gmail.com,True,,False,1680.0,False,2248.0,29.0,71.0,30.0,Reply,2025-12-25,2026-01-03,True,False,[],h:giltwornarchive,reseller,dm,dm,book_call,active,True,True,False,False,4,0,0,,,,False,none,0,True,
L0185,google_maps,,Brick Lane Closet,Zoe Lopez,shop@bricklaneclose.co.uk,,Brighton,UK,,,,0,860,negotiating,2025-12-30,2026-01-22,3,Interested - send pricing.,Priya,,,Brick Lane Closet,Brighton,UK,shop@bricklaneclose.co.uk,True,,False,860.0,False,,0.0,,,Negotiating,2025-12-30,2026-01-22,True,False,[],s:brick lane closet|brighton|uk,shop,email,,book_visit,closed,False,True,False,False,0,0,0,,,,False,positive,0,True,
L0026,eBay,instagram.com/marrowstudio,,Sven,,,,,16332,150,69,142,"£9,000",replied,Feb 26,2026-02-26,3,,,big consignment potential,marrowstudio,,,,,False,,False,9000.0,True,16332.0,142.0,150.0,69.0,replied,2026-02-26,2026-02-26,True,False,[],h:marrowstudio,reseller,dm,,book_call,active,True,False,False,False,3,0,0,2026-03-03,,,False,none,0,True,
L0155,Physical Store,,The Exchange,Ines Schmidt,hello@theexchange.com,+44 7618 213574,London,UK,,,,,4140,ghosted,Dec 29,2026-01-23,0,We already sell on Vinted.,,price sensitive,,The Exchange,London,UK,hello@theexchange.com,True,+447618213574,True,4140.0,False,,,,,Ghosted,2025-12-29,2026-01-23,True,False,[],s:the exchange|london|uk,shop,email,email,book_visit,active,False,True,True,True,0,0,0,,2026-03-01,,False,none,0,True,
L0061,eBay,embermarrowco,,,,,,,13512,129,29,120,"£9,000",replied,2025-12-31,Jan 15,8,already on another platform tbh,Tomas,"big consignment potential [merged L0265: stage=contacted, bdr=Tomas, said='already on another platform tbh']",embermarrowco,,,,,False,,False,9000.0,True,13512.0,120.0,129.0,29.0,replied,2025-12-31,2026-01-15,True,False,"[""merged_duplicate""]",h:embermarrowco,reseller,dm,dm,book_call,active,True,False,False,False,4,0,0,,,,False,negative,0,True,
L0101,Vinted,rummagevintage,,,,,,,10052,490,63,132,"£9,000",new,07/01/2026,,0,,Priya,met at market,rummagevintage,,,,,False,,False,9000.0,True,10052.0,132.0,490.0,63.0,New Lead,2026-01-07,,True,False,[],h:rummagevintage,reseller,dm,,book_call,active,True,False,False,False,0,0,0,2026-03-01,,,False,none,0,True,
L0028,Depop,@grailmothco,,,,,,,6495,72,36,33,2480,replied,2026-02-25,2026-02-28,3,not interested right now,,price sensitive,grailmothco,,,,,False,,False,2480.0,False,6495.0,33.0,72.0,36.0,Reply,2026-02-25,2026-02-28,True,False,[],h:grailmothco,reseller,dm,dm,book_call,active,True,False,False,False,3,0,0,2026-03-05,,,False,negative,0,True,
L0136,Whatnot,@cobaltcollective,,,,,,,481,27,36,30,980,contacted,,Feb 28,6,how does payout work,,wants menswear focus,cobaltcollective,,,,,False,,False,980.0,False,481.0,30.0,27.0,36.0,contacted ,,2026-02-28,True,False,[],h:cobaltcollective,reseller,dm,dm,book_call,active,True,False,False,False,4,0,0,,,,False,none,0,True,
L0231,store,,House of Lane,Raj Nguyen,info@houseoflane.store,+33 245 3781218,Paris,FR,,,,0,5120,replied,2026-02-14,2026-02-14,5,"Owner is back next week, call then.",,,,House of Lane,Paris,FR,info@houseoflane.store,True,+332453781218,True,5120.0,False,,0.0,,,Reply,2026-02-14,2026-02-14,True,False,[],s:house of lane|paris|fr,shop,email,email,book_visit,active,False,True,True,True,0,4,0,,,,True,positive,0,True,
L0125,eBay,@hazelfaded__,,,,,,,3522,9,22,38,£290,replied,2026-02-02,,7,whats the catch lol,,big consignment potential,hazelfaded__,,,,,False,,False,290.0,False,3522.0,38.0,9.0,22.0,replied,2026-02-02,,True,False,[],h:hazelfaded__,reseller,dm,dm,book_call,active,True,False,False,False,4,0,0,,,,False,none,0,True,
L0176,store,,Rusty Cellar,Raj Novak,shop@rustycellar.store,+1 620 8071959,LA,US,,0,,,5090,negotiating,2026-01-13,09/02/2026,3,,Priya,"[merged L0256: stage=new, bdr=Priya]",,Rusty Cellar,LA,US,shop@rustycellar.store,True,+16208071959,True,5090.0,False,,,0.0,,negotiating,2026-01-13,2026-02-09,True,False,"[""merged_duplicate""]",s:rusty cellar|la|us,shop,email,,book_visit,closed,False,True,True,True,0,0,0,,,,False,none,0,True,
L0035,Instagram,loomthriftfinds,,Marta,,,,,1624,67,35,40,"£3,750",ghosted,Feb 7,2026-02-15,3,,Tomas,,loomthriftfinds,,,,,False,,False,3750.0,False,1624.0,40.0,67.0,35.0,Ghosted,2026-02-07,2026-02-15,True,False,[],h:loomthriftfinds,reseller,dm,,book_call,active,True,False,False,False,3,0,0,2026-02-20,,,False,none,0,True,
L0094,Vinted,@relicco,,,,,,,47585,400,63,127,9000,won,2025-12-31,2026-01-26,3,"yeah keen, drop details",,high engagement acct,relicco,,,,,False,,False,9000.0,True,47585.0,127.0,400.0,63.0,WON,2025-12-31,2026-01-26,True,False,[],h:relicco,reseller,dm,,book_call,closed,True,False,False,False,0,0,0,,,,False,positive,0,True,
L0174,google_maps,instagram.com/staticshop,Second Collective,Lukas Walsh,lukaswalsh70@outlook.com,+44 7800 705413,Bristol,UK,,,,,4960,replied,02/02/2026,2026-02-14,0,What's the fee structure?,Maya,slow to reply,staticshop,Second Collective,Bristol,UK,lukaswalsh70@outlook.com,True,+447800705413,True,4960.0,False,,,,,replied,2026-02-02,2026-02-14,True,False,"[""handle_on_store""]",s:second collective|bristol|uk,shop,email,email,book_visit,active,False,True,True,True,0,0,0,,2026-03-01,,False,none,0,True,
L0200,google_maps,,Found Bazaar,Zoe Fischer,zoefischer86@yahoo.com,0044725195903,Leeds,UK,,0,,,"£1,560",new,Dec 25,2026-02-09,3,"Thanks, can you email a one-pager?",,high engagement acct,,Found Bazaar,Leeds,UK,zoefischer86@yahoo.com,True,+44725195903,True,1560.0,False,,,0.0,,new lead,2025-12-25,2026-02-09,True,False,[],s:found bazaar|leeds|uk,shop,email,,book_visit,active,False,True,True,True,0,3,0,,2026-02-14,,False,none,0,True,
L0113,Vinted,instagram.com/reworkedfinds,,,,,,,5926,41,17,32,£870,contacted,2025-12-03,12/12/2025,4,do you ship to EU?,Maya,,reworkedfinds,,,,,False,,False,870.0,False,5926.0,32.0,41.0,17.0,contacted,2025-12-03,2025-12-12,True,False,[],h:reworkedfinds,reseller,dm,dm,book_call,active,True,False,False,False,4,0,0,,,,False,none,0,True,
L0058,Instagram,instagram.com/prelovedthreads,,,,,,,14496,451,40,202,9000,negotiating,2026-01-04,2026-01-22,3,interested but busy this week,,slow to reply,prelovedthreads,,,,,False,,False,9000.0,True,14496.0,202.0,451.0,40.0,negotiating,2026-01-04,2026-01-22,True,False,[],h:prelovedthreads,reseller,dm,,book_call,closed,True,False,False,False,0,0,0,,,,False,positive,0,True,
L0072,IG,@staticvntgcollective,,,,,,,4368,49,31,21,£650,new,07/02/2026,,0,,Maya,ref from supplier,staticvntgcollective,,,,,False,,False,650.0,False,4368.0,21.0,49.0,31.0,new lead,2026-02-07,,True,False,[],h:staticvntgcollective,reseller,dm,,book_call,active,True,False,False,False,0,0,0,2026-03-01,,,False,none,0,True,
L0211,in-person,,Second Society,Aisha Costa,aishacosta79@outlook.com,+1 260 8084195,LA,US,,,,,2760,negotiating,2026-02-13,2026-02-21,6,"Sure, pop in on Thursday.",,met at market,,Second Society,LA,US,aishacosta79@outlook.com,True,+12608084195,True,2760.0,False,,,,,Negotiating,2026-02-13,2026-02-21,True,False,[],s:second society|la|us,shop,email,,book_visit,closed,False,True,True,True,0,0,0,,,,False,positive,0,True,
L0102,Whatnot,instagram.com/relicy2k_uk,,,,,,,24736,142,70,161,"£9,000",ghosted,,25/02/2026,5,whats your commission?,Maya,slow to reply,relicy2k_uk,,,,,False,,False,9000.0,True,24736.0,161.0,142.0,70.0,no response,,2026-02-25,True,False,[],h:relicy2k_uk,reseller,dm,dm,book_call,active,True,False,False,False,4,0,0,,,,False,positive,0,True,
L0011,Vinted,@vaultstudio,,,,,,,808,54,23,23,"£1,010",replied,,2026-01-30,6,,,,vaultstudio,,,,,False,,False,1010.0,False,808.0,23.0,54.0,23.0,Reply,,2026-01-30,True,False,[],h:vaultstudio,reseller,dm,,book_call,active,True,False,False,False,4,0,0,,,,False,none,0,True,
L0129,Whatnot,@heritage__,,,,,,,2196,108,39,33,"£2,900",ghosted,2026-02-06,2026-02-16,1,ok sounds good when can we talk,,,heritage__,,,,,False,,False,2900.0,False,2196.0,33.0,108.0,39.0,no response,2026-02-06,2026-02-16,True,False,[],h:heritage__,reseller,dm,dm,book_call,active,True,False,False,False,1,0,0,2026-02-19,,,False,positive,0,True,
L0243,google_maps,,Vintage Lane,Raj Novak,info@vintagelane.com,+31 608 9147806,Amsterdam,NL,,,,,"£3,020",new,23/01/2026,Feb 16,4,,,price sensitive,,Vintage Lane,Amsterdam,NL,info@vintagelane.com,True,+316089147806,True,3020.0,False,,,,,New Lead,2026-01-23,2026-02-16,True,False,[],s:vintage lane|amsterdam|nl,shop,email,,book_visit,active,False,True,True,True,0,4,0,,,,False,none,0,True,
L0132,Vinted,thriftgrailgallery,,Lukas,,,,,4316,15,15,30,£130,warm,,2026-02-02,3,what brands do you take?,,slow to reply,thriftgrailgallery,,,,,False,,False,130.0,False,4316.0,30.0,15.0,15.0,Warm,,2026-02-02,True,False,[],h:thriftgrailgallery,reseller,dm,dm,book_call,active,True,False,False,False,3,0,0,2026-02-07,,,False,none,0,True,
L0218,in-person,,Loft Threads,Freya Lopez,freyalopez@hotmail.com,7974367360,Brighton,UK,0,,,0,"£2,930",replied,2025-12-07,07/02/2026,4,"Thanks, can you email a one-pager?",Tomas,follows competitor,,Loft Threads,Brighton,UK,freyalopez@hotmail.com,True,7974367360,True,2930.0,False,0.0,0.0,,,replied,2025-12-07,2026-02-07,True,False,[],s:loft threads|brighton|uk,shop,email,email,book_visit,active,False,True,True,True,0,4,0,,,,False,none,0,True,
L0148,Depop,@heritageretrothreads,,,,,,,29930,485,43,117,"£9,000",call_booked,30/01/2026,2026-02-16,2,,Tomas,owner travels a lot,heritageretrothreads,,,,,False,,False,9000.0,True,29930.0,117.0,485.0,43.0,Call Booked,2026-01-30,2026-02-16,True,False,[],h:heritageretrothreads,reseller,dm,,book_call,closed,True,False,False,False,0,0,0,,,,False,none,0,True,
L0139,Depop,instagram.com/denimgallery,,,,,,,3591,93,13,11,£320,call_booked,,2026-02-26,5,do you ship to EU?,Maya,high engagement acct,denimgallery,,,,,False,,False,320.0,False,3591.0,11.0,93.0,13.0,call-booked,,2026-02-26,True,False,[],h:denimgallery,reseller,dm,,book_call,closed,True,False,False,False,0,0,0,,,,False,none,0,True,
L0009,Depop,cindershop,,,,,,,26680,173,53,172,"£9,000",warm,2025-12-07,Dec 24,5,can you do a call fri?,,owner travels a lot,cindershop,,,,,False,,False,9000.0,True,26680.0,172.0,173.0,53.0,Warm,2025-12-07,2025-12-24,True,False,[],h:cindershop,reseller,dm,dm,book_call,active,True,False,False,False,4,0,0,,,,False,positive,0,True,
L0180,store,,Old Collective,Marta Rossi,martarossi83@gmail.com,,Paris,FR,,,,,1460,contacted,,2026-02-24,1,"Owner is back next week, call then.",Priya,big consignment potential,,Old Collective,Paris,FR,martarossi83@gmail.com,True,,False,1460.0,False,,,,,Contacted,,2026-02-24,True,False,[],s:old collective|paris|fr,shop,email,email,book_visit,active,False,True,False,False,0,1,0,,2026-02-27,,False,positive,0,True,
L0115,Instagram,@emberco,,,,,,,4020,22,10,15,£120,call_booked,2026-01-30,Feb 16,2,send me the bundle list,,"slow to reply [merged L0264: stage=new, said='send me the bundle list']",emberco,,,,,False,,False,120.0,False,4020.0,15.0,22.0,10.0,call-booked,2026-01-30,2026-02-21,True,False,"[""merged_duplicate""]",h:emberco,reseller,dm,,book_call,closed,True,False,False,False,0,0,0,,,,False,positive,0,True,
L0163,Physical Store,,Blue Collective,Tom Park,,,Bristol,UK,,,,,610,replied,16/12/2025,2026-02-17,6,Interested - send pricing.,,owner travels a lot,,Blue Collective,Bristol,UK,,False,,False,610.0,False,,,,,replied,2025-12-16,2026-02-17,True,False,"[""needs_enrichment""]",s:blue collective|bristol|uk,shop,no_contact,no_contact,book_visit,manager_review,False,False,False,False,0,0,0,,,,False,positive,0,True,
L0130,Instagram,@heritagefinds,,,,,,,2793,56,16,4,£120,new,29/01/2026,,0,can you do a call fri?,Tomas,follows competitor,heritagefinds,,,,,False,,False,120.0,False,2793.0,4.0,56.0,16.0,New Lead,2026-01-29,,True,False,[],h:heritagefinds,reseller,dm,,book_call,active,True,False,False,False,0,0,0,2026-03-01,,,False,positive,0,True,
L0186,store,,Past Edit,Carlos Hassan,info@pastedit.co.uk,+44 7544 203406,Manchester,UK,0,0,,,"£2,100",negotiating,2026-01-26,2026-01-30,2,We already sell on Vinted.,,ref from supplier,,Past Edit,Manchester,UK,info@pastedit.co.uk,True,+447544203406,True,2100.0,False,0.0,,0.0,,in negotiation,2026-01-26,2026-01-30,True,False,[],s:past edit|manchester|uk,shop,email,,book_visit,closed,False,True,True,True,0,0,0,,,,False,none,0,True,
L0008,eBay,y2kpreloved_,,,,,,,3747,95,13,18,£510,replied,2026-02-18,2026-02-27,6,need to think about it,,owner travels a lot,y2kpreloved_,,,,,False,,False,510.0,False,3747.0,18.0,95.0,13.0,Reply,2026-02-18,2026-02-27,True,False,[],h:y2kpreloved_,reseller,dm,dm,book_call,active,True,False,False,False,4,0,0,,,,False,none,0,True,
L0121,instagram_dm,stitchmothsupply,,Noah,,,,,5649,8,29,32,170,negotiating,2025-12-20,2026-02-26,4,,Priya,wants menswear focus,stitchmothsupply,,,,,False,,False,170.0,False,5649.0,32.0,8.0,29.0,Negotiating,2025-12-20,2026-02-26,True,False,[],h:stitchmothsupply,reseller,dm,,book_call,closed,True,False,False,False,0,0,0,,,,False,none,0,True,
L0204,Physical Store,fadedgrailstore,House of Drawer,Liam Tanaka,liamtanaka75@hotmail.com,+44 7809 816692,Leeds,UK,,,,,"£5,270",contacted,19/12/2025,2026-02-18,1,We already sell on Vinted.,Maya,,fadedgrailstore,House of Drawer,Leeds,UK,liamtanaka75@hotmail.com,True,+447809816692,True,5270.0,False,,,,,Contacted,2025-12-19,2026-02-18,True,False,"[""handle_on_store""]",s:house of drawer|leeds|uk,shop,email,email,book_visit,active,False,True,True,True,0,1,0,,2026-02-21,,False,none,0,True,
L0208,store,,Corner Emporium,Nadia Andersson,nadiaandersson94@yahoo.com,,Brighton,UK,,,,,"£2,990",replied,2026-02-12,24/02/2026,2,"Owner is back next week, call then.",,,,Corner Emporium,Brighton,UK,nadiaandersson94@yahoo.com,True,,False,2990.0,False,,,,,Reply,2026-02-12,2026-02-24,True,False,[],s:corner emporium|brighton|uk,shop,email,email,book_visit,active,False,True,False,False,0,2,0,,2026-02-28,,False,positive,0,True,
L0027,IG,mothstitchstore,,,,,,,6634,107,27,0,980,replied,04/01/2026,2026-01-07,3,not interested right now,,,mothstitchstore,,,,,False,,False,980.0,False,6634.0,0.0,107.0,27.0,replied,2026-01-04,2026-01-07,True,False,[],h:mothstitchstore,reseller,dm,dm,book_call,active,True,False,False,False,3,0,0,2026-01-12,,,False,negative,0,True,
L0029,instagram_dm,@vntg__,,Nadia,,,,,37395,487,50,186,9000,ghosted,2026-01-18,2026-01-20,2,how does payout work,Priya,big consignment potential,vntg__,,,,,False,,False,9000.0,True,37395.0,186.0,487.0,50.0,no response,2026-01-18,2026-01-20,True,False,[],h:vntg__,reseller,dm,dm,book_call,active,True,False,False,False,2,0,0,2026-01-24,,,False,none,0,True,
L0144,Whatnot,@y2kvaultcollective,,,coraokafor35@hotmail.com,,,,5900,37,11,15,230,warm,26/12/2025,Jan 3,5,ok sounds good when can we talk,,follows competitor,y2kvaultcollective,,,,coraokafor35@hotmail.com,True,,False,230.0,False,5900.0,15.0,37.0,11.0,Warm,2025-12-26,2026-01-03,True,False,[],h:y2kvaultcollective,reseller,dm,dm,book_call,active,True,True,False,False,4,0,0,,,,False,positive,0,True,
L0133,IG,instagram.com/curatedstudio,,,,,,,4255,86,8,28,380,contacted,2026-02-21,26/02/2026,4,need to think about it,,slow to reply,curatedstudio,,,,,False,,False,380.0,False,4255.0,28.0,86.0,8.0,contacted ,2026-02-21,2026-02-26,True,False,[],h:curatedstudio,reseller,dm,dm,book_call,active,True,False,False,False,4,0,0,,,,False,none,0,True,
L0170,in-person,,Camden Garms,Elena Hassan,elenahassan13@yahoo.com,+49 489 3323395,Berlin,DE,,0,,,1150,negotiating,2026-02-23,2026-02-23,3,"Owner is back next week, call then.",Tomas,slow to reply,,Camden Garms,Berlin,DE,elenahassan13@yahoo.com,True,+494893323395,True,1150.0,False,,,0.0,,Negotiating,2026-02-23,2026-02-23,True,False,[],s:camden garms|berlin|de,shop,email,,book_visit,closed,False,True,True,True,0,0,0,,,,False,positive,0,True,
L0131,Instagram,instagram.com/sepiawaxarchive,,,,,,,32858,451,35,197,9000,new,03/01/2026,20/01/2026,1,what brands do you take?,,,sepiawaxarchive,,,,,False,,False,9000.0,True,32858.0,197.0,451.0,35.0,New,2026-01-03,2026-01-20,True,False,[],h:sepiawaxarchive,reseller,dm,,book_call,active,True,False,False,False,1,0,0,2026-01-23,,,False,none,0,True,
L0217,Physical Store,,Golden Wardrobe,Raj Murphy,rajmurphy@outlook.com,+1 822 9051272,New York,US,,,,,"£4,920",ghosted,2026-01-12,,3,"Owner is back next week, call then.",Priya,wants menswear focus,,Golden Wardrobe,New York,US,rajmurphy@outlook.com,True,+18229051272,True,4920.0,False,,,,,ghosted,2026-01-12,,True,False,[],s:golden wardrobe|new york|us,shop,email,email,book_visit,active,False,True,True,True,0,3,0,,2026-01-17,,False,positive,0,True,
L0010,IG,@relicthreadbare__,,,,,,,1005,16,34,33,560,replied,2026-01-23,10/02/2026,5,"yeah keen, drop details",,,relicthreadbare__,,,,,False,,False,560.0,False,1005.0,33.0,16.0,34.0,Reply,2026-01-23,2026-02-10,True,False,[],h:relicthreadbare__,reseller,dm,dm,book_call,active,True,False,False,False,4,0,0,,,,False,positive,0,True,
L0006,Depop,@stitchsupply,,Marcus,,,,,2744,90,16,27,1440,replied,2026-01-31,2026-02-05,3,do you take menswear too,Priya,met at market,stitchsupply,,,,,False,,False,1440.0,False,2744.0,27.0,90.0,16.0,replied,2026-01-31,2026-02-05,True,False,[],h:stitchsupply,reseller,dm,dm,book_call,active,True,False,False,False,3,0,0,2026-02-10,,,False,none,0,True,
L0037,Depop,@mothcollective,,Greta,,,,,4533,85,34,39,"£2,180",ghosted,,2025-12-27,2,whats the catch lol,,ref from supplier,mothcollective,,,,,False,,False,2180.0,False,4533.0,39.0,85.0,34.0,ghosted,,2025-12-27,True,False,[],h:mothcollective,reseller,dm,dm,book_call,active,True,False,False,False,2,0,0,2025-12-31,,,False,none,0,True,
L0085,IG,relicthreads,,,,,,,39493,449,48,140,9000,negotiating,25/12/2025,2026-02-01,2,already on another platform tbh,Priya,high engagement acct,relicthreads,,,,,False,,False,9000.0,True,39493.0,140.0,449.0,48.0,negotiating,2025-12-25,2026-02-01,True,False,[],h:relicthreads,reseller,dm,,book_call,closed,True,False,False,False,0,0,0,,,,False,negative,0,True,
L0078,eBay,prelovedhazelshop,,,,,,,3057,108,29,13,1180,negotiating,2026-01-02,2026-01-28,2,ok sounds good when can we talk,,ref from supplier,prelovedhazelshop,,,,,False,,False,1180.0,False,3057.0,13.0,108.0,29.0,negotiating,2026-01-02,2026-01-28,True,False,[],h:prelovedhazelshop,reseller,dm,,book_call,closed,True,False,False,False,0,0,0,,,,False,positive,0,True,
L0032,IG,loomstore,,,,,,,772,16,12,22,£120,ghosted,06/02/2026,2026-02-13,2,whats the catch lol,Maya,owner travels a lot,loomstore,,,,,False,,False,120.0,False,772.0,22.0,16.0,12.0,Ghosted,2026-02-06,2026-02-13,True,False,[],h:loomstore,reseller,dm,dm,book_call,active,True,False,False,False,2,0,0,2026-02-17,,,False,none,0,True,
L0209,in-person,,Corner Trunk,Marcus Cohen,info@cornertrunk.co.uk,+44 7916 949092,Manchester,UK,,,,0,"£5,600",warm,,,3,,Tomas,price sensitive,,Corner Trunk,Manchester,UK,info@cornertrunk.co.uk,True,+447916949092,True,5600.0,False,,0.0,,,Warm,,,True,False,[],s:corner trunk|manchester|uk,shop,email,,book_visit,active,False,True,True,True,0,3,0,,2026-03-06,,False,none,0,True,
L0100,Depop,@driftco,,,,,,,4374,6,39,30,£230,replied,,Dec 31,7,,Priya,big consignment potential,driftco,,,,,False,,False,230.0,False,4374.0,30.0,6.0,39.0,Reply,,2025-12-31,True,False,[],h:driftco,reseller,dm,,book_call,active,True,False,False,False,4,0,0,,,,False,none,0,True,
L0014,eBay,stitchmothvintage,,Noah,,,,,56719,184,22,211,9000,warm,2026-01-26,09/02/2026,4,maybe next month,,ref from supplier,stitchmothvintage,,,,,False,,False,9000.0,True,56719.0,211.0,184.0,22.0,Warm,2026-01-26,2026-02-09,True,False,[],h:stitchmothvintage,reseller,dm,dm,book_call,active,True,False,False,False,4,0,0,,,,False,positive,0,True,
L0023,Vinted,@cobaltfadedstore,,,ineskhan30@yahoo.com,,,,5978,98,27,0,800,warm,2025-12-27,05/01/2026,7,ok sounds good when can we talk,,price sensitive,cobaltfadedstore,,,,ineskhan30@yahoo.com,True,,False,800.0,False,5978.0,0.0,98.0,27.0,Warm,2025-12-27,2026-01-05,True,False,[],h:cobaltfadedstore,reseller,dm,dm,book_call,active,True,True,False,False,4,0,0,,,,False,positive,0,True,
L0201,in-person,@embersupply,Rusty Cellar,Hugo Janssen,hello@rustycellar.store,7835022204,Brighton,UK,,,,,2740,lost,,03/02/2026,2,,Priya,ref from supplier,embersupply,Rusty Cellar,Brighton,UK,hello@rustycellar.store,True,7835022204,True,2740.0,False,,,,,Lost,,2026-02-03,True,False,"[""handle_on_store""]",s:rusty cellar|brighton|uk,shop,email,,book_visit,closed,False,True,True,True,0,0,0,,,,False,none,0,True,
L0063,Vinted,thriftco,,,,,,,19616,240,60,40,9000,warm,2026-02-12,Feb 15,6,need to think about it,,big consignment potential,thriftco,,,,,False,,False,9000.0,True,19616.0,40.0,240.0,60.0,Warm,2026-02-12,2026-02-15,True,False,[],h:thriftco,reseller,dm,dm,book_call,active,True,False,False,False,4,0,0,,,,False,none,0,True,
L0179,Physical Store,,Velvet Emporium,Carlos Walsh,info@velvetemporium.com,,Berlin,DE,,,,,2850,new,2026-01-18,,3,"Owner is back next week, call then.",Tomas,met at market,,Velvet Emporium,Berlin,DE,info@velvetemporium.com,True,,False,2850.0,False,,,,,new lead,2026-01-18,,True,False,[],s:velvet emporium|berlin|de,shop,email,,book_visit,active,False,True,False,False,0,3,0,,2026-01-23,,False,positive,0,True,
L0001,Depop,@heritagereworkedco,,,,,,,4685,94,30,24,2610,replied,2025-12-26,2026-01-10,4,how much for the whole bundle?,,follows competitor,heritagereworkedco,,,,,False,,False,2610.0,False,4685.0,24.0,94.0,30.0,Reply,2025-12-26,2026-01-10,True,False,[],h:heritagereworkedco,reseller,dm,dm,book_call,active,True,False,False,False,4,0,0,,,,False,positive,0,True,
L0060,Whatnot,instagram.com/cindersupply,,,,,,,64798,538,48,137,9000,replied,,2026-01-16,7,how does payout work,,slow to reply,cindersupply,,,,,False,,False,9000.0,True,64798.0,137.0,538.0,48.0,Reply,,2026-01-16,True,False,[],h:cindersupply,reseller,dm,dm,book_call,active,True,False,False,False,4,0,0,,,,False,none,0,True,
L0104,Instagram,tonicrummagecollective,,,,,,,5960,7,36,34,£170,warm,2025-12-17,2026-01-02,4,whats the catch lol,,,tonicrummagecollective,,,,,False,,False,170.0,False,5960.0,34.0,7.0,36.0,warm,2025-12-17,2026-01-02,True,False,[],h:tonicrummagecollective,reseller,dm,dm,book_call,active,True,False,False,False,4,0,0,,,,False,none,0,True,
L0126,eBay,staticstitch__,,,,,,,12113,254,41,209,"£9,000",replied,,,5,"yeah keen, drop details",,slow to reply,staticstitch__,,,,,False,,False,9000.0,True,12113.0,209.0,254.0,41.0,replied,,,True,False,[],h:staticstitch__,reseller,dm,dm,book_call,active,True,False,False,False,4,0,0,,,,False,positive,0,True,
L0149,Vinted,@threadbareretrovintage,,,,,,,5740,123,28,8,£770,new,2025-12-12,,0,interested but busy this week,,price sensitive,threadbareretrovintage,,,,,False,,False,770.0,False,5740.0,8.0,123.0,28.0,New,2025-12-12,,True,False,[],h:threadbareretrovintage,reseller,dm,,book_call,active,True,False,False,False,0,0,0,2026-03-01,,,False,positive,0,True,
L0237,Physical Store,heritagevntgarchive,Brick Lane Wardrobe,Felix Silva,hello@bricklanewardr.store,0044754561948,Manchester,UK,,,,0,"£1,280",lost,Dec 16,2026-01-25,6,What's the fee structure?,,price sensitive,heritagevntgarchive,Brick Lane Wardrobe,Manchester,UK,hello@bricklanewardr.store,True,+44754561948,True,1280.0,False,,0.0,,,lost,2025-12-16,2026-01-25,True,False,"[""handle_on_store""]",s:brick lane wardrobe|manchester|uk,shop,email,,book_visit,closed,False,True,True,True,0,0,0,,,,False,none,0,True,
L0241,google_maps,,Maison Vault,Elena Schmidt,elenaschmidt50@outlook.com,+49 442 2144906,Berlin,DE,,,,,"£5,420",new,2025-12-17,Jan 14,3,"Sure, pop in on Thursday.",Priya,slow to reply,,Maison Vault,Berlin,DE,elenaschmidt50@outlook.com,True,+494422144906,True,5420.0,False,,,,,New,2025-12-17,2026-01-14,True,False,[],s:maison vault|berlin|de,shop,email,,book_visit,active,False,True,True,True,0,3,0,,2026-01-19,,False,positive,0,True,
L0227,Physical Store,,Loft Emporium,Zoe Marchetti,shop@loftemporium.co.uk,,Brighton,UK,,,,,2150,call_booked,2026-02-01,2026-02-24,6,"Too busy this season, try later.",Tomas,owner travels a lot,,Loft Emporium,Brighton,UK,shop@loftemporium.co.uk,True,,False,2150.0,False,,,,,call booked,2026-02-01,2026-02-24,True,False,[],s:loft emporium|brighton|uk,shop,email,,book_visit,closed,False,True,False,False,0,0,0,,,,False,none,0,True,
L0135,Depop,@y2kretroarchive,,Bea,,,,,5112,91,14,26,1230,replied,2026-02-14,2026-02-24,6,send me the bundle list,Tomas,,y2kretroarchive,,,,,False,,False,1230.0,False,5112.0,26.0,91.0,14.0,replied,2026-02-14,2026-02-24,True,False,[],h:y2kretroarchive,reseller,dm,dm,book_call,active,True,False,False,False,4,0,0,,,,False,positive,0,True,
L0117,Depop,instagram.com/fadedhazelarchive,,,,,,,602,83,13,19,£680,warm,Feb 25,Feb 28,7,whats the catch lol,Priya,price sensitive,fadedhazelarchive,,,,,False,,False,680.0,False,602.0,19.0,83.0,13.0,warm,2026-02-25,2026-02-28,True,False,[],h:fadedhazelarchive,reseller,dm,dm,book_call,active,True,False,False,False,4,0,0,,,,False,none,0,True,
L0160,google_maps,,Found Exchange,Tom Bennett,hello@foundexchange.com,0044766005300,Manchester,UK,,,,,4720,negotiating,,2026-02-03,3,"Sure, pop in on Thursday.",,ref from supplier,,Found Exchange,Manchester,UK,hello@foundexchange.com,True,+44766005300,True,4720.0,False,,,,,Negotiating,,2026-02-03,True,False,[],s:found exchange|manchester|uk,shop,email,,book_visit,closed,False,True,True,True,0,0,0,,,,False,positive,0,True,
L0165,google_maps,,Velvet Trunk,Omar Petrov,omarpetrov@gmail.com,+1 556 1482584,New York,US,,0,,,700,replied,02/02/2026,2026-02-05,1,"Sure, pop in on Thursday.",,"follows competitor [merged L0255: stage=contacted, said='Sure, pop in on Thursday.']",,Velvet Trunk,New York,US,omarpetrov@gmail.com,True,+15561482584,True,700.0,False,,,0.0,,Reply,2026-02-02,2026-02-19,True,False,"[""merged_duplicate""]",s:velvet trunk|new york|us,shop,email,email,book_visit,active,False,True,True,True,0,1,0,,2026-02-22,,True,positive,0,True,
L0146,Vinted,instagram.com/archivevntgthreads,,Sofia,,,,,6766,22,20,31,280,lost,2026-02-09,Feb 16,1,how does payout work,,high engagement acct,archivevntgthreads,,,,,False,,False,280.0,False,6766.0,31.0,22.0,20.0,lost,2026-02-09,2026-02-16,True,False,[],h:archivevntgthreads,reseller,dm,,book_call,closed,True,False,False,False,0,0,0,,,,False,none,0,True,
L0064,Vinted,instagram.com/plumecobaltvintage,,,,,,,4314,75,19,2,£120,warm,2026-02-23,Feb 28,3,can you do a call fri?,Priya,big consignment potential,plumecobaltvintage,,,,,False,,False,120.0,False,4314.0,2.0,75.0,19.0,warm,2026-02-23,2026-02-28,True,False,[],h:plumecobaltvintage,reseller,dm,dm,book_call,active,True,False,False,False,3,0,0,2026-03-05,,,False,positive,0,True,
L0183,store,,Old Lane,James Marchetti,jamesmarchetti8@gmail.com,0044754231500,Leeds,UK,,,,,5640,new,30/01/2026,Feb 2,6,"Owner is back next week, call then.",Priya,price sensitive,,Old Lane,Leeds,UK,jamesmarchetti8@gmail.com,True,+44754231500,True,5640.0,False,,,,,new,2026-01-30,2026-02-02,True,False,[],s:old lane|leeds|uk,shop,email,,book_visit,active,False,True,True,True,0,4,0,,,,False,positive,0,True,
L0205,Physical Store,,Maison Trunk,Hugo Marchetti,hugomarchetti@outlook.com,+44 7400 985349,Brighton,UK,,,,,"£2,400",contacted,2026-01-12,Jan 23,5,,Tomas,high engagement acct,,Maison Trunk,Brighton,UK,hugomarchetti@outlook.com,True,+447400985349,True,2400.0,False,,,,,Contacted,2026-01-12,2026-01-23,True,False,[],s:maison trunk|brighton|uk,shop,email,,book_visit,active,False,True,True,True,0,4,0,,,,False,none,0,True,
L0182,store,,Camden Cellar,Freya Fischer,shop@camdencellar.com,+1 892 3546663,New York,US,,,,,4420,new,2026-01-12,,5,,,owner travels a lot,,Camden Cellar,New York,US,shop@camdencellar.com,True,+18923546663,True,4420.0,False,,,,,new,2026-01-12,,True,False,[],s:camden cellar|new york|us,shop,email,,book_visit,active,False,True,True,True,0,4,0,,,,False,none,0,True,
L0138,Instagram,@waxretrothreads,,,,,,,48153,122,32,90,"£9,000",warm,2026-02-03,2026-02-18,4,maybe next month,,met at market,waxretrothreads,,,,,False,,False,9000.0,True,48153.0,90.0,122.0,32.0,warm,2026-02-03,2026-02-18,True,False,[],h:waxretrothreads,reseller,dm,dm,book_call,active,True,False,False,False,4,0,0,,,,False,positive,0,True,
L0214,Physical Store,,House of Wardrobe,Hugo Adebayo,shop@houseofwardrob.store,+49 377 2397393,Berlin,DE,,,,,4780,replied,2026-01-27,2026-02-04,4,What's the fee structure?,Priya,high engagement acct,,House of Wardrobe,Berlin,DE,shop@houseofwardrob.store,True,+493772397393,True,4780.0,False,,,,,replied,2026-01-27,2026-02-04,True,False,[],s:house of wardrobe|berlin|de,shop,email,email,book_visit,active,False,True,True,True,0,4,0,,,,False,none,0,True,
L0043,Vinted,@cindercuratedfinds,,,,,,,4084,106,31,22,2810,replied,Dec 1,,5,whats your commission?,Tomas,,cindercuratedfinds,,,,,False,,False,2810.0,False,4084.0,22.0,106.0,31.0,Reply,2025-12-01,,True,False,[],h:cindercuratedfinds,reseller,dm,dm,book_call,active,True,False,False,False,4,0,0,,,,False,positive,0,True,
L0145,Whatnot,@prelovedx,,Priya,,,,,59712,302,63,102,9000,replied,Dec 21,,6,can you do a call fri?,Maya,,prelovedx,,,,,False,,False,9000.0,True,59712.0,102.0,302.0,63.0,replied,2025-12-21,,True,False,[],h:prelovedx,reseller,dm,dm,book_call,active,True,False,False,False,4,0,0,,,,False,positive,0,True,
L0062,Instagram,sepiawaxstudio,,,,,,,5452,120,11,9,220,new,Dec 4,2026-01-04,1,,Maya,met at market,sepiawaxstudio,,,,,False,,False,220.0,False,5452.0,9.0,120.0,11.0,New,2025-12-04,2026-01-04,True,False,[],h:sepiawaxstudio,reseller,dm,,book_call,active,True,False,False,False,1,0,0,2026-01-07,,,False,none,0,True,
L0140,Vinted,instagram.com/wornfinds,,,,,,,4906,92,26,27,"£1,610",contacted,2026-02-12,28/02/2026,5,whats your commission?,Tomas,price sensitive,wornfinds,,,,,False,,False,1610.0,False,4906.0,27.0,92.0,26.0,Contacted,2026-02-12,2026-02-28,True,False,[],h:wornfinds,reseller,dm,dm,book_call,active,True,False,False,False,4,0,0,,,,False,positive,0,True,
L0234,google_maps,emberfinds,Blue Vault,Aisha Nguyen,hello@bluevault.store,+1 694 4301212,New York,US,,,,,"£3,730",new,2026-01-03,,1,Interested - send pricing.,Maya,price sensitive,emberfinds,Blue Vault,New York,US,hello@bluevault.store,True,+16944301212,True,3730.0,False,,,,,New,2026-01-03,,True,False,"[""handle_on_store""]",s:blue vault|new york|us,shop,email,,book_visit,active,False,True,True,True,0,1,0,,2026-01-06,,False,positive,0,True,
L0150,Depop,staticgallery,,,,,,,2184,46,23,9,160,won,17/01/2026,2026-02-24,6,,Priya,met at market,staticgallery,,,,,False,,False,160.0,False,2184.0,9.0,46.0,23.0,won,2026-01-17,2026-02-24,True,False,[],h:staticgallery,reseller,dm,,book_call,closed,True,False,False,False,0,0,0,,,,False,none,0,True,
L0076,instagram_dm,@tonicarchivex,,,,,,,2023,66,40,13,"£1,090",warm,2025-12-20,2026-01-07,7,whats your commission?,,big consignment potential,tonicarchivex,,,,,False,,False,1090.0,False,2023.0,13.0,66.0,40.0,warm,2025-12-20,2026-01-07,True,False,[],h:tonicarchivex,reseller,dm,dm,book_call,active,True,False,False,False,4,0,0,,,,False,positive,0,True,
L0143,Instagram,@wornsupply,,Elena,,,,,4770,58,13,29,£680,contacted,Feb 1,2026-02-24,6,what brands do you take?,,,wornsupply,,,,,False,,False,680.0,False,4770.0,29.0,58.0,13.0,contacted ,2026-02-01,2026-02-24,True,False,[],h:wornsupply,reseller,dm,dm,book_call,active,True,False,False,False,4,0,0,,,,False,none,0,True,
L0192,store,,Camden Exchange,Sven Hughes,hello@camdenexchange.store,+33 489 6004150,Paris,FR,,0,,,4860,contacted,2026-01-06,2026-02-27,5,,Maya,ref from supplier,,Camden Exchange,Paris,FR,hello@camdenexchange.store,True,+334896004150,True,4860.0,False,,,0.0,,contacted,2026-01-06,2026-02-27,True,False,[],s:camden exchange|paris|fr,shop,email,,book_visit,active,False,True,True,True,0,4,0,,,,False,none,0,True,
L0070,Depop,sepiagallery,,,,,,,5936,21,29,1,£120,lost,07/12/2025,21/12/2025,4,do you take menswear too,,high engagement acct,sepiagallery,,,,,False,,False,120.0,False,5936.0,1.0,21.0,29.0,lost,2025-12-07,2025-12-21,True,False,[],h:sepiagallery,reseller,dm,,book_call,closed,True,False,False,False,0,0,0,,,,False,none,0,True,
L0171,in-person,,Past Lab,Cora Murphy,shop@pastlab.com,,Bristol,UK,,,,,"£2,840",call_booked,16/02/2026,Feb 22,1,We already sell on Vinted.,,met at market,,Past Lab,Bristol,UK,shop@pastlab.com,True,,False,2840.0,False,,,,,call booked,2026-02-16,2026-02-22,True,False,[],s:past lab|bristol|uk,shop,email,,book_visit,closed,False,True,False,False,0,0,0,,,,False,none,0,True,
L0206,Physical Store,,Atelier Loom,Ines Fischer,inesfischer52@gmail.com,+31 231 8014119,Amsterdam,NL,,,,,4790,new,2025-12-23,28/01/2026,3,What's the fee structure?,Maya,price sensitive,,Atelier Loom,Amsterdam,NL,inesfischer52@gmail.com,True,+312318014119,True,4790.0,False,,,,,new lead,2025-12-23,2026-01-28,True,False,[],s:atelier loom|amsterdam|nl,shop,email,,book_visit,active,False,True,True,True,0,3,0,,2026-02-02,,False,none,0,True,
L0066,IG,@heritagestaticarchive,,,,,,,1686,90,23,27,"£2,180",replied,2026-02-01,12/02/2026,3,,Maya,ref from supplier,heritagestaticarchive,,,,,False,,False,2180.0,False,1686.0,27.0,90.0,23.0,replied,2026-02-01,2026-02-12,True,False,[],h:heritagestaticarchive,reseller,dm,,book_call,active,True,False,False,False,3,0,0,2026-02-17,,,False,none,0,True,
L0038,eBay,prelovedgallery,,,,,,,5556,94,19,39,2160,ghosted,2026-01-22,2026-01-24,3,interested but busy this week,Maya,slow to reply,prelovedgallery,,,,,False,,False,2160.0,False,5556.0,39.0,94.0,19.0,no response,2026-01-22,2026-01-24,True,False,[],h:prelovedgallery,reseller,dm,dm,book_call,active,True,False,False,False,3,0,0,2026-01-29,,,False,positive,0,True,
L0158,store,,Velvet Edit,Priya Silva,info@velvetedit.store,+49 813 5200091,Berlin,DE,0,,,,980,call_booked,2026-01-05,2026-01-09,2,Interested - send pricing.,,high engagement acct,,Velvet Edit,Berlin,DE,info@velvetedit.store,True,+498135200091,True,980.0,False,0.0,,,,Call Booked,2026-01-05,2026-01-09,True,False,[],s:velvet edit|berlin|de,shop,email,,book_visit,closed,False,True,True,True,0,0,0,,,,False,positive,0,True,
L0221,google_maps,,Found Vault,Theo Nguyen,theonguyen12@yahoo.com,+49 178 7308973,Berlin,DE,,,,,"£2,580",call_booked,21/02/2026,,0,"Happy to chat, mornings best.",Priya,big consignment potential,,Found Vault,Berlin,DE,theonguyen12@yahoo.com,True,+491787308973,True,2580.0,False,,,,,call booked,2026-02-21,,True,False,[],s:found vault|berlin|de,shop,email,,book_visit,closed,False,True,True,True,0,0,0,,,,False,positive,0,True,
L0181,store,,Rusty Lab,Greta Lopez,gretalopez@gmail.com,+33 852 3057348,Paris,FR,,,,,"£3,010",ghosted,31/01/2026,2026-02-14,3,"Too busy this season, try later.",Priya,price sensitive,,Rusty Lab,Paris,FR,gretalopez@gmail.com,True,+338523057348,True,3010.0,False,,,,,Ghosted,2026-01-31,2026-02-14,True,False,[],s:rusty lab|paris|fr,shop,email,email,book_visit,active,False,True,True,True,0,3,0,,2026-02-19,,False,none,0,True,
L0097,Depop,@hazelvault__,,,,,,,5144,70,21,34,1790,warm,Feb 28,,4,,Priya,,hazelvault__,,,,,False,,False,1790.0,False,5144.0,34.0,70.0,21.0,warm,2026-02-28,,True,False,[],h:hazelvault__,reseller,dm,,book_call,active,True,False,False,False,4,0,0,,,,False,none,0,True,
L0134,Instagram,toniccollective,,Ines,,,,,2721,126,26,33,3340,replied,Feb 6,Feb 22,7,,Priya,met at market,toniccollective,,,,,False,,False,3340.0,False,2721.0,33.0,126.0,26.0,replied,2026-02-06,2026-02-22,True,False,[],h:toniccollective,reseller,dm,,book_call,active,True,False,False,False,4,0,0,,,,False,none,0,True,
L0225,store,,Camden Loom,Zoe Moreau,zoemoreau64@gmail.com,0044775728317,Manchester,UK,0,0,,,5930,negotiating,04/01/2026,2026-01-19,0,"Thanks, can you email a one-pager?",Tomas,owner travels a lot,,Camden Loom,Manchester,UK,zoemoreau64@gmail.com,True,+44775728317,True,5930.0,False,0.0,,0.0,,Negotiating,2026-01-04,2026-01-19,True,False,[],s:camden loom|manchester|uk,shop,email,,book_visit,closed,False,True,True,True,0,0,0,,,,False,none,0,True,
L0114,Instagram,@grailstitch__,,,,,,,33759,236,45,173,"£9,000",new,2026-01-25,,0,already on another platform tbh,,met at market,grailstitch__,,,,,False,,False,9000.0,True,33759.0,173.0,236.0,45.0,new lead,2026-01-25,,True,False,[],h:grailstitch__,reseller,dm,,book_call,active,True,False,False,False,0,0,0,2026-03-01,,,False,negative,0,True,
L0040,instagram_dm,instagram.com/stitch_,,,,,,,5275,102,23,34,1650,ghosted,25/01/2026,2026-02-26,6,already on another platform tbh,,follows competitor,stitch_,,,,,False,,False,1650.0,False,5275.0,34.0,102.0,23.0,no response,2026-01-25,2026-02-26,True,False,[],h:stitch_,reseller,dm,dm,book_call,active,True,False,False,False,4,0,0,,,,False,negative,0,True,
L0074,eBay,@atticcollective,,Tom,tom90@outlook.com,,,,4768,84,40,26,2340,warm,2025-12-06,2025-12-26,4,,Maya,,atticcollective,,,,tom90@outlook.com,True,,False,2340.0,False,4768.0,26.0,84.0,40.0,warm,2025-12-06,2025-12-26,True,False,[],h:atticcollective,reseller,dm,,book_call,active,True,True,False,False,4,0,0,,,,False,none,0,True,
L0036,Instagram,instagram.com/cobaltvintage,,,,,,,26614,427,25,129,"£9,000",ghosted,2025-12-09,2025-12-10,4,how much for the whole bundle?,Maya,,cobaltvintage,,,,,False,,False,9000.0,True,26614.0,129.0,427.0,25.0,ghosted,2025-12-09,2025-12-10,True,False,[],h:cobaltvintage,reseller,dm,dm,book_call,active,True,False,False,False,4,0,0,,,,False,positive,0,True,
L0210,store,,Old Collective,James Park,info@oldcollective.store,+1 878 3983612,LA,US,,0,,,"£5,190",new,,,1,"Sure, pop in on Thursday.",Maya,high engagement acct,,Old Collective,LA,US,info@oldcollective.store,True,+18783983612,True,5190.0,False,,,0.0,,new,,,True,False,[],s:old collective|la|us,shop,email,,book_visit,active,False,True,True,True,0,1,0,,2026-03-04,,False,positive,0,True,
L0099,instagram_dm,instagram.com/plume_uk,,,,,,,3054,77,28,21,1210,warm,03/12/2025,,3,whats the catch lol,Priya,met at market,plume_uk,,,,,False,,False,1210.0,False,3054.0,21.0,77.0,28.0,warm,2025-12-03,,True,False,[],h:plume_uk,reseller,dm,dm,book_call,active,True,False,False,False,3,0,0,2025-12-08,,,False,none,0,True,
L0215,google_maps,,Corner Bazaar,Raj Romano,info@cornerbazaar.store,+31 192 5081201,Amsterdam,NL,,,,,2520,contacted,18/02/2026,2026-02-22,3,Not taking on new channels currently.,Priya,met at market,,Corner Bazaar,Amsterdam,NL,info@cornerbazaar.store,True,+311925081201,True,2520.0,False,,,,,contacted ,2026-02-18,2026-02-22,True,False,[],s:corner bazaar|amsterdam|nl,shop,email,email,book_visit,active,False,True,True,True,0,3,0,,2026-02-27,,False,none,0,True,
L0235,store,,Brick Lane Threads,Cora Khan,corakhan27@yahoo.com,07965 352784,London,UK,,,,,5660,warm,2025-12-15,2026-02-24,6,"Owner is back next week, call then.",Priya,ref from supplier,,Brick Lane Threads,London,UK,corakhan27@yahoo.com,True,07965 352784,True,5660.0,False,,,,,warm,2025-12-15,2026-02-24,True,False,[],s:brick lane threads|london|uk,shop,email,email,book_visit,active,False,True,True,True,0,4,0,,,,True,positive,0,True,
L0232,store,,Retro Wardrobe,Liam Kaur,liam@@hotmail.com,+1 547 7363339,New York,US,,,,0,1810,warm,,2026-01-29,2,"Thanks, can you email a one-pager?",Maya,slow to reply,,Retro Wardrobe,New York,US,liam@hotmail.com,True,+15477363339,True,1810.0,False,,0.0,,,warm,,2026-01-29,True,False,[],s:retro wardrobe|new york|us,shop,email,email,book_visit,active,False,True,True,True,0,2,0,,2026-02-02,,False,none,0,True,
L0019,Instagram,@archiveatticvintage,,,carlosjanssen79@hotmail.com,,,,6109,47,36,30,"£1,870",replied,2026-02-01,2026-02-19,6,how does payout work,,big consignment potential,archiveatticvintage,,,,carlosjanssen79@hotmail.com,True,,False,1870.0,False,6109.0,30.0,47.0,36.0,Reply,2026-02-01,2026-02-19,True,False,[],h:archiveatticvintage,reseller,dm,dm,book_call,active,True,True,False,False,4,0,0,,,,False,none,0,True,
L0073,eBay,@driftarchive,,,,,,,2961,25,10,29,£180,replied,2026-02-16,21/02/2026,3,how much for the whole bundle?,,owner travels a lot,driftarchive,,,,,False,,False,180.0,False,2961.0,29.0,25.0,10.0,replied,2026-02-16,2026-02-21,True,False,[],h:driftarchive,reseller,dm,dm,book_call,active,True,False,False,False,3,0,0,2026-02-26,,,False,positive,0,True,
L0052,Depop,instagram.com/heritagegallery,,,,,,,6397,79,35,16,1420,replied,2025-12-23,26/12/2025,4,maybe next month,Priya,wants menswear focus,heritagegallery,,,,,False,,False,1420.0,False,6397.0,16.0,79.0,35.0,replied,2025-12-23,2025-12-26,True,False,[],h:heritagegallery,reseller,dm,dm,book_call,active,True,False,False,False,4,0,0,,,,False,positive,0,True,
L0260,google_maps,,Vintage Closet,Noah Silva,,+1 405 2154527,LA,US,0,,,,2860,replied,Feb 1,2026-01-19,3,Not taking on new channels currently.,,"price sensitive [merged L0240: stage=contacted, said='Not taking on new channels currently.']",,Vintage Closet,LA,US,,False,+14052154527,True,2860.0,False,0.0,,,,replied,2026-02-01,2026-01-19,False,False,"[""last_touch_before_first_seen"", ""merged_duplicate""]",s:vintage closet|la|us,shop,call,call,book_visit,active,False,False,True,True,0,0,2,,,,False,none,0,True,
L0249,Physical Store,,Old Emporium,Mia Walsh,hello@oldemporium.co.uk,+31 167 1779808,Amsterdam,NL,,0,,,1410,lost,2025-12-13,2026-01-16,2,"Thanks, can you email a one-pager?",Maya,price sensitive,,Old Emporium,Amsterdam,NL,hello@oldemporium.co.uk,True,+311671779808,True,1410.0,False,,,0.0,,Lost,2025-12-13,2026-01-16,True,False,[],s:old emporium|amsterdam|nl,shop,email,,book_visit,closed,False,True,True,True,0,0,0,,,,False,none,0,True,
L0164,Physical Store,@motharchivestore,Golden Emporium,Hugo Kaur,hugokaur@yahoo.com,+44 7347 656134,Bristol,UK,,,,,1640,new,Feb 12,2026-02-15,1,Not taking on new channels currently.,,,motharchivestore,Golden Emporium,Bristol,UK,hugokaur@yahoo.com,True,+447347656134,True,1640.0,False,,,,,New Lead,2026-02-12,2026-02-15,True,False,"[""handle_on_store""]",s:golden emporium|bristol|uk,shop,email,,book_visit,active,False,True,True,True,0,1,0,,2026-02-18,,False,none,0,True,
L0184,google_maps,@stitchx,Velvet Lane,Lukas Weber,,+44 7263 875852,London,UK,,,,,1920,ghosted,,2026-01-31,3,,Tomas,owner travels a lot,stitchx,Velvet Lane,London,UK,,False,+447263875852,True,1920.0,False,,,,,no response,,2026-01-31,True,False,"[""handle_on_store""]",s:velvet lane|london|uk,shop,call,,book_visit,active,True,False,True,True,0,0,2,,,,False,none,0,True,
L0059,Vinted,instagram.com/emberarchive,,Tom,tom73@hotmail.com,,,,2386,109,30,27,1490,replied,21/12/2025,26/12/2025,3,"yeah keen, drop details",,ref from supplier,emberarchive,,,,tom73@hotmail.com,True,,False,1490.0,False,2386.0,27.0,109.0,30.0,Reply,2025-12-21,2025-12-26,True,False,[],h:emberarchive,reseller,dm,dm,book_call,active,True,True,False,False,3,0,0,2025-12-31,,,False,positive,0,True,
L0025,eBay,instagram.com/staticvintage,,Marcus,marcus@gmail.com,,,,42251,274,27,183,9000,replied,,11/02/2026,4,how much for the whole bundle?,Tomas,wants menswear focus,staticvintage,,,,marcus@gmail.com,True,,False,9000.0,True,42251.0,183.0,274.0,27.0,Reply,,2026-02-11,True,False,[],h:staticvintage,reseller,dm,dm,book_call,active,True,True,False,False,4,0,0,,,,False,positive,0,True,
L0024,Depop,@vaultcollective,,,,,,,3944,80,22,10,550,replied,Jan 3,2026-01-10,3,,,slow to reply,vaultcollective,,,,,False,,False,550.0,False,3944.0,10.0,80.0,22.0,replied,2026-01-03,2026-01-10,True,False,[],h:vaultcollective,reseller,dm,,book_call,active,True,False,False,False,3,0,0,2026-01-15,,,False,none,0,True,
L0127,eBay,@vaultrelicfinds,,,,,,,4132,106,9,25,810,replied,2026-02-01,2026-02-03,4,not interested right now,,big consignment potential,vaultrelicfinds,,,,,False,,False,810.0,False,4132.0,25.0,106.0,9.0,replied,2026-02-01,2026-02-03,True,False,[],h:vaultrelicfinds,reseller,dm,dm,book_call,active,True,False,False,False,4,0,0,,,,False,negative,0,True,
L0147,Depop,@reliccobaltstudio,,Freya,,,,,1177,7,29,39,£150,negotiating,2026-01-17,16/02/2026,1,send me the bundle list,,slow to reply,reliccobaltstudio,,,,,False,,False,150.0,False,1177.0,39.0,7.0,29.0,Negotiating,2026-01-17,2026-02-16,True,False,[],h:reliccobaltstudio,reseller,dm,,book_call,closed,True,False,False,False,0,0,0,,,,False,positive,0,True,
L0196,Physical Store,,Golden Collective,Sofia Walsh,,+33 704 1612736,Paris,FR,,,,,"£2,290",ghosted,2026-02-20,2026-02-26,1,"Owner is back next week, call then.",Maya,slow to reply,,Golden Collective,Paris,FR,,False,+337041612736,True,2290.0,False,,,,,Ghosted,2026-02-20,2026-02-26,True,False,[],s:golden collective|paris|fr,shop,call,call,book_visit,active,False,False,True,True,0,0,1,,,2026-02-28,False,positive,0,True,
L0068,Instagram,instagram.com/sablesupply,,,,,,,3690,64,28,31,1470,contacted,2026-01-16,2026-01-22,2,whats the catch lol,,slow to reply,sablesupply,,,,,False,,False,1470.0,False,3690.0,31.0,64.0,28.0,contacted ,2026-01-16,2026-01-22,True,False,[],h:sablesupply,reseller,dm,dm,book_call,active,True,False,False,False,2,0,0,2026-01-26,,,False,none,0,True,
L0018,Whatnot,giltcollective,,,,,,,1594,63,11,40,580,replied,Feb 7,Feb 14,4,already on another platform tbh,Tomas,high engagement acct,giltcollective,,,,,False,,False,580.0,False,1594.0,40.0,63.0,11.0,replied,2026-02-07,2026-02-14,True,False,[],h:giltcollective,reseller,dm,dm,book_call,active,True,False,False,False,4,0,0,,,,False,negative,0,True,
L0095,Instagram,@plumecollective,,,,,,,11058,137,43,45,"£6,440",replied,Jan 15,Jan 30,6,what brands do you take?,,met at market,plumecollective,,,,,False,,False,6440.0,False,11058.0,45.0,137.0,43.0,replied,2026-01-15,2026-01-30,True,False,[],h:plumecollective,reseller,dm,dm,book_call,active,True,False,False,False,4,0,0,,,,False,none,0,True,
L0159,store,,Camden Vault,Sven Petrov,svenpetrov39@gmail.com,+31 701 1781216,Amsterdam,NL,,,,0,5810,call_booked,07/02/2026,,3,Not taking on new channels currently.,,met at market,,Camden Vault,Amsterdam,NL,svenpetrov39@gmail.com,True,+317011781216,True,5810.0,False,,0.0,,,call-booked,2026-02-07,,True,False,[],s:camden vault|amsterdam|nl,shop,email,,book_visit,closed,False,True,True,True,0,0,0,,,,False,none,0,True,
L0039,Vinted,@waxvintage,,,,,,,39389,350,28,143,9000,lost,Dec 3,2025-12-24,2,maybe next month,Tomas,,waxvintage,,,,,False,,False,9000.0,True,39389.0,143.0,350.0,28.0,lost,2025-12-03,2025-12-24,True,False,[],h:waxvintage,reseller,dm,,book_call,closed,True,False,False,False,0,0,0,,,,False,positive,0,True,
L0219,store,instagram.com/threadbare_,Corner Vault,Marcus Silva,hello@cornervault.com,+1 485 5371013,New York,US,,,,,2590,negotiating,2026-02-16,2026-02-18,4,Not taking on new channels currently.,Priya,wants menswear focus,threadbare_,Corner Vault,New York,US,hello@cornervault.com,True,+14855371013,True,2590.0,False,,,,,Negotiating,2026-02-16,2026-02-18,True,False,"[""handle_on_store""]",s:corner vault|new york|us,shop,email,,book_visit,closed,False,True,True,True,0,0,0,,,,False,none,0,True,
L0050,Whatnot,@vaultvntgvintage,,,,,,,29418,544,47,129,9000,replied,25/02/2026,25/02/2026,4,already on another platform tbh,Priya,owner travels a lot,vaultvntgvintage,,,,,False,,False,9000.0,True,29418.0,129.0,544.0,47.0,Reply,2026-02-25,2026-02-25,True,False,[],h:vaultvntgvintage,reseller,dm,dm,book_call,active,True,False,False,False,4,0,0,,,,False,negative,0,True,
L0012,Whatnot,instagram.com/tonicstitchthreads,,,,,,,46640,544,66,189,9000,replied,,05/01/2026,4,do you take menswear too,,ref from supplier,tonicstitchthreads,,,,,False,,False,9000.0,True,46640.0,189.0,544.0,66.0,replied,,2026-01-05,True,False,[],h:tonicstitchthreads,reseller,dm,dm,book_call,active,True,False,False,False,4,0,0,,,,False,none,0,True,
L0069,Depop,@reworkedreworkedthreads,,Nadia,,,,,11433,382,49,93,"£9,000",contacted,Jan 10,2026-02-22,5,"yeah keen, drop details",Maya,,reworkedreworkedthreads,,,,,False,,False,9000.0,True,11433.0,93.0,382.0,49.0,contacted ,2026-01-10,2026-02-22,True,False,[],h:reworkedreworkedthreads,reseller,dm,dm,book_call,active,True,False,False,False,4,0,0,,,,False,positive,0,True,
L0123,instagram_dm,@threadbare__,,,,,,,41796,464,52,140,9000,won,Dec 20,2025-12-23,2,whats your commission?,Tomas,price sensitive,threadbare__,,,,,False,,False,9000.0,True,41796.0,140.0,464.0,52.0,won,2025-12-20,2025-12-23,True,False,[],h:threadbare__,reseller,dm,,book_call,closed,True,False,False,False,0,0,0,,,,False,positive,0,True,
L0049,Whatnot,@cinder_,,,,,,,6429,33,10,18,180,replied,2025-12-30,2026-01-11,3,,Tomas,,cinder_,,,,,False,,False,180.0,False,6429.0,18.0,33.0,10.0,Reply,2025-12-30,2026-01-11,True,False,[],h:cinder_,reseller,dm,,book_call,active,True,False,False,False,3,0,0,2026-01-16,,,False,none,0,True,
L0124,Whatnot,@rummage_uk,,Tom,,,,,5152,113,28,34,3220,replied,,2026-01-11,6,whats your commission?,Priya,wants menswear focus,rummage_uk,,,,,False,,False,3220.0,False,5152.0,34.0,113.0,28.0,replied,,2026-01-11,True,False,[],h:rummage_uk,reseller,dm,dm,book_call,active,True,False,False,False,4,0,0,,,,False,positive,0,True,
L0137,Vinted,drift_,,,,,,,1113,60,26,27,1080,contacted,2025-12-30,2026-01-20,3,,Tomas,ref from supplier,drift_,,,,,False,,False,1080.0,False,1113.0,27.0,60.0,26.0,Contacted,2025-12-30,2026-01-20,True,False,[],h:drift_,reseller,dm,,book_call,active,True,False,False,False,3,0,0,2026-01-25,,,False,none,0,True,
L0065,instagram_dm,@prelovedco,,,,,,,3858,8,35,10,£120,replied,2026-01-13,23/01/2026,4,can you do a call fri?,Maya,price sensitive,prelovedco,,,,,False,,False,120.0,False,3858.0,10.0,8.0,35.0,Reply,2026-01-13,2026-01-23,True,False,[],h:prelovedco,reseller,dm,dm,book_call,active,True,False,False,False,4,0,0,,,,False,positive,0,True,
L0122,IG,retrowornfinds,,Ines,,,,,944,18,39,25,350,call_booked,Feb 15,2026-02-20,1,"yeah keen, drop details",,slow to reply,retrowornfinds,,,,,False,,False,350.0,False,944.0,25.0,18.0,39.0,call booked,2026-02-15,2026-02-20,True,False,[],h:retrowornfinds,reseller,dm,,book_call,closed,True,False,False,False,0,0,0,,,,False,positive,0,True,
L0017,Depop,curateddenimarchive,,,,,,,6641,59,29,8,£510,replied,,2026-01-20,4,need to think about it,Tomas,big consignment potential,curateddenimarchive,,,,,False,,False,510.0,False,6641.0,8.0,59.0,29.0,Reply,,2026-01-20,True,False,[],h:curateddenimarchive,reseller,dm,dm,book_call,active,True,False,False,False,4,0,0,,,,False,none,0,True,
L0239,google_maps,,The Rail,Tom Tanaka,,+33 574 5010661,Paris,FR,,,,,"£3,610",contacted,,2026-01-23,0,"Sure, pop in on Thursday.",,met at market,,The Rail,Paris,FR,,False,+335745010661,True,3610.0,False,,,,,contacted ,,2026-01-23,True,False,[],s:the rail|paris|fr,shop,call,call,book_visit,active,False,False,True,True,0,0,0,,,2026-03-01,False,positive,0,True,
L0157,store,,Atelier Drawer,Freya Janssen,freyajanssen@yahoo.com,0044784145620,Bristol,UK,,,,,"£4,360",contacted,2026-02-20,Feb 21,3,"Owner is back next week, call then.",Maya,owner travels a lot,,Atelier Drawer,Bristol,UK,freyajanssen@yahoo.com,True,+44784145620,True,4360.0,False,,,,,Contacted,2026-02-20,2026-02-21,True,False,[],s:atelier drawer|bristol|uk,shop,email,email,book_visit,active,False,True,True,True,0,3,0,,2026-02-26,,False,positive,0,True,
L0096,Depop,@tonicthrift_uk,,,,,,,30325,225,42,201,"£9,000",ghosted,Feb 15,21/02/2026,6,do you ship to EU?,,price sensitive,tonicthrift_uk,,,,,False,,False,9000.0,True,30325.0,201.0,225.0,42.0,Ghosted,2026-02-15,2026-02-21,True,False,[],h:tonicthrift_uk,reseller,dm,dm,book_call,active,True,False,False,False,4,0,0,,,,False,none,0,True,
L0168,Physical Store,instagram.com/driftstore,Rusty Edit,Yuki Silva,hello@rustyedit.com,+1 902 7833017,LA,US,,,,,"£2,720",new,03/12/2025,,1,"Owner is back next week, call then.",,owner travels a lot,driftstore,Rusty Edit,LA,US,hello@rustyedit.com,True,+19027833017,True,2720.0,False,,,,,new,2025-12-03,,True,False,"[""handle_on_store""]",s:rusty edit|la|us,shop,email,,book_visit,active,False,True,True,True,0,1,0,,2025-12-06,,False,positive,0,True,
L0054,Depop,@loomgallery,,Pablo,,,,,6495,8,39,9,120,warm,,17/01/2026,4,maybe next month,,follows competitor,loomgallery,,,,,False,,False,120.0,False,6495.0,9.0,8.0,39.0,Warm,,2026-01-17,True,False,[],h:loomgallery,reseller,dm,dm,book_call,active,True,False,False,False,4,0,0,,,,False,positive,0,True,
L0091,Vinted,atticstudio,,,,,,,6756,128,34,16,2500,negotiating,2026-02-14,2026-02-18,5,send me the bundle list,,wants menswear focus,atticstudio,,,,,False,,False,2500.0,False,6756.0,16.0,128.0,34.0,Negotiating,2026-02-14,2026-02-18,True,False,[],h:atticstudio,reseller,dm,,book_call,closed,True,False,False,False,0,0,0,,,,False,positive,0,True,
L0055,IG,@marrowloomgallery,,,,,,,61355,447,45,164,"£9,000",warm,Feb 21,2026-02-26,5,maybe next month,Priya,slow to reply,marrowloomgallery,,,,,False,,False,9000.0,True,61355.0,164.0,447.0,45.0,Warm,2026-02-21,2026-02-26,True,False,[],h:marrowloomgallery,reseller,dm,dm,book_call,active,True,False,False,False,4,0,0,,,,False,positive,0,True,
L0222,in-person,,Corner Loom,Theo Reid,info@cornerloom.co.uk,7462639414,Brighton,UK,,,,,£440,replied,2025-12-10,Feb 9,3,Interested - send pricing.,,ref from supplier,,Corner Loom,Brighton,UK,info@cornerloom.co.uk,True,7462639414,True,440.0,False,,,,,replied,2025-12-10,2026-02-09,True,False,[],s:corner loom|brighton|uk,shop,email,email,book_visit,active,False,True,True,True,0,3,0,,2026-02-14,,True,positive,0,True,
L0111,instagram_dm,@reworkedgallery,,,,,,,6821,17,22,30,240,contacted,Feb 5,Feb 15,4,what brands do you take?,,wants menswear focus,reworkedgallery,,,,,False,,False,240.0,False,6821.0,30.0,17.0,22.0,Contacted,2026-02-05,2026-02-15,True,False,[],h:reworkedgallery,reseller,dm,dm,book_call,active,True,False,False,False,4,0,0,,,,False,none,0,True,
L0004,eBay,vntg_uk,,,,,,,5984,23,22,1,120,warm,2026-01-06,2026-01-22,3,whats the catch lol,Tomas,slow to reply,vntg_uk,,,,,False,,False,120.0,False,5984.0,1.0,23.0,22.0,Warm,2026-01-06,2026-01-22,True,False,[],h:vntg_uk,reseller,dm,dm,book_call,active,True,False,False,False,3,0,0,2026-01-27,,,False,none,0,True,
L0079,IG,instagram.com/statichazelshop,,,,,,,8924,288,66,43,9000,won,2026-02-05,2026-02-06,3,whats your commission?,Maya,follows competitor,statichazelshop,,,,,False,,False,9000.0,True,8924.0,43.0,288.0,66.0,Closed Won,2026-02-05,2026-02-06,True,False,[],h:statichazelshop,reseller,dm,,book_call,closed,True,False,False,False,0,0,0,,,,False,positive,0,True,
L0093,Depop,rummagesupply,,Dmitri,,,,,14563,259,42,182,"£9,000",new,2025-12-05,,0,,Tomas,,rummagesupply,,,,,False,,False,9000.0,True,14563.0,182.0,259.0,42.0,New Lead,2025-12-05,,True,False,[],h:rummagesupply,reseller,dm,,book_call,active,True,False,False,False,0,0,0,2026-03-01,,,False,none,0,True,
L0229,in-person,,Corner Trunk,Lukas Tanaka,lukastanaka@yahoo.com,+31 755 3365298,Amsterdam,NL,,,,,"£1,840",contacted,2025-12-13,2025-12-15,0,"Thanks, can you email a one-pager?",,slow to reply,,Corner Trunk,Amsterdam,NL,lukastanaka@yahoo.com,True,+317553365298,True,1840.0,False,,,,,contacted ,2025-12-13,2025-12-15,True,False,[],s:corner trunk|amsterdam|nl,shop,email,email,book_visit,active,False,True,True,True,0,0,0,,2026-03-01,,False,none,0,True,
L0238,store,,The Garms,Hugo Silva,hello@thegarms.store,,London,UK,,,,,4010,won,2026-01-18,10/02/2026,6,"Thanks, can you email a one-pager?",Maya,owner travels a lot,,The Garms,London,UK,hello@thegarms.store,True,,False,4010.0,False,,,,,won,2026-01-18,2026-02-10,True,False,[],s:the garms|london|uk,shop,email,,book_visit,closed,False,True,False,False,0,0,0,,,,False,none,0,True,
L0199,store,instagram.com/rummageplumeco,Vintage Lane,Zoe Park,zoepark33@outlook.com,7491870177,London,UK,,,,0,"£1,240",negotiating,2026-02-05,10/02/2026,2,"Happy to chat, mornings best.",Maya,slow to reply,rummageplumeco,Vintage Lane,London,UK,zoepark33@outlook.com,True,7491870177,True,1240.0,False,,0.0,,,in negotiation,2026-02-05,2026-02-10,True,False,"[""handle_on_store""]",s:vintage lane|london|uk,shop,email,,book_visit,closed,False,True,True,True,0,0,0,,,,False,positive,0,True,
L0106,instagram_dm,@threadbare_uk,,,,,,,5953,123,34,40,5170,won,,2026-01-13,5,how does payout work,Priya,big consignment potential,threadbare_uk,,,,,False,,False,5170.0,False,5953.0,40.0,123.0,34.0,Closed Won,,2026-01-13,True,False,[],h:threadbare_uk,reseller,dm,,book_call,closed,True,False,False,False,0,0,0,,,,False,none,0,True,
L0057,Whatnot,@sepiavaultstore,,Lena,,,,,2815,55,27,30,1720,warm,2026-01-31,2026-02-20,3,not interested right now,,follows competitor,sepiavaultstore,,,,,False,,False,1720.0,False,2815.0,30.0,55.0,27.0,warm,2026-01-31,2026-02-20,True,False,[],h:sepiavaultstore,reseller,dm,dm,book_call,active,True,False,False,False,3,0,0,2026-02-25,,,False,negative,0,True,
L0245,store,,Blue Garms,Zoe Hassan,info@bluegarms.co.uk,07991 883600,Brighton,UK,,,,,1040,negotiating,2026-01-05,2026-01-09,2,We already sell on Vinted.,Priya,wants menswear focus,,Blue Garms,Brighton,UK,info@bluegarms.co.uk,True,07991 883600,True,1040.0,False,,,,,in negotiation,2026-01-05,2026-01-09,True,False,[],s:blue garms|brighton|uk,shop,email,,book_visit,closed,False,True,True,True,0,0,0,,,,False,none,0,True,
L0190,in-person,,Maison Garms,Elena Reid,elenareid@gmail.com,+44 7786 468104,Manchester,UK,,,,,"£5,260",ghosted,2026-01-21,2026-02-18,6,"Sure, pop in on Thursday.",Maya,follows competitor,,Maison Garms,Manchester,UK,elenareid@gmail.com,True,+447786468104,True,5260.0,False,,,,,Ghosted,2026-01-21,2026-02-18,True,False,[],s:maison garms|manchester|uk,shop,email,email,book_visit,active,False,True,True,True,0,4,0,,,,False,positive,0,True,
L0119,eBay,loomthreads,,,,,,,655,8,18,3,£120,call_booked,26/12/2025,2026-01-11,1,do you ship to EU?,Maya,owner travels a lot,loomthreads,,,,,False,,False,120.0,False,655.0,3.0,8.0,18.0,call-booked,2025-12-26,2026-01-11,True,False,[],h:loomthreads,reseller,dm,,book_call,closed,True,False,False,False,0,0,0,,,,False,none,0,True,
L0022,Whatnot,tonictonicfinds,,,,,,,4655,14,15,13,120,warm,01/02/2026,2026-02-03,4,do you take menswear too,Tomas,big consignment potential,tonictonicfinds,,,,,False,,False,120.0,False,4655.0,13.0,14.0,15.0,warm,2026-02-01,2026-02-03,True,False,[],h:tonictonicfinds,reseller,dm,dm,book_call,active,True,False,False,False,4,0,0,,,,False,none,0,True,
L0191,Physical Store,@sepiaco,Old Rail,Mia Romano,,+1 803 8993664,LA,US,,,,,5610,call_booked,Feb 8,Feb 23,0,"Thanks, can you email a one-pager?",Priya,ref from supplier,sepiaco,Old Rail,LA,US,,False,+18038993664,True,5610.0,False,,,,,Call Booked,2026-02-08,2026-02-23,True,False,"[""handle_on_store""]",s:old rail|la|us,shop,call,,book_visit,closed,True,False,True,True,0,0,0,,,,False,none,0,True,
L0005,Instagram,giltthrift_,,,,,,,274,72,40,38,3380,warm,26/12/2025,11/01/2026,7,interested but busy this week,Priya,,giltthrift_,,,,,False,,False,3380.0,False,274.0,38.0,72.0,40.0,Warm,2025-12-26,2026-01-11,True,False,[],h:giltthrift_,reseller,dm,dm,book_call,active,True,False,False,False,4,0,0,,,,False,positive,0,True,
L0195,google_maps,,Rusty Edit,Hugo Berg,hugoberg91@outlook.com,+49 648 1002890,Berlin,DE,,,,0,"£3,890",call_booked,2026-01-21,2026-02-27,6,"Sure, pop in on Thursday.",Priya,"high engagement acct [merged L0167: stage=warm, bdr=Tomas, said='We already sell on Vinted.']",stitchvaultshop,Rusty Edit,Berlin,DE,hugoberg91@outlook.com,True,+496481002890,True,3890.0,False,,0.0,,,call-booked,2026-01-21,2026-02-27,True,False,"[""merged_duplicate"", ""handle_on_store""]",s:rusty edit|berlin|de,shop,email,,book_visit,closed,False,True,True,True,0,0,0,,,,False,positive,0,True,
L0053,IG,@plumeprelovedsupply,,,,,,,2804,81,39,23,1250,replied,24/12/2025,2026-01-09,5,whats your commission?,Tomas,,plumeprelovedsupply,,,,,False,,False,1250.0,False,2804.0,23.0,81.0,39.0,replied,2025-12-24,2026-01-09,True,False,[],h:plumeprelovedsupply,reseller,dm,dm,book_call,active,True,False,False,False,4,0,0,,,,False,positive,0,True,
L0108,Instagram,rummagecollective,,,,,,,20599,193,70,76,9000,negotiating,2026-02-06,2026-02-27,5,can you do a call fri?,Maya,slow to reply,rummagecollective,,,,,False,,False,9000.0,True,20599.0,76.0,193.0,70.0,in negotiation,2026-02-06,2026-02-27,True,False,[],h:rummagecollective,reseller,dm,,book_call,closed,True,False,False,False,0,0,0,,,,False,positive,0,True,
L0216,in-person,,Retro Lab,Yuki Adebayo,yukiadebayo86@gmail.com,7823764573,Bristol,UK,0,,,0,4970,lost,29/01/2026,Feb 15,6,,Priya,big consignment potential,,Retro Lab,Bristol,UK,yukiadebayo86@gmail.com,True,7823764573,True,4970.0,False,0.0,0.0,,,Lost,2026-01-29,2026-02-15,True,False,[],s:retro lab|bristol|uk,shop,email,,book_visit,closed,False,True,True,True,0,0,0,,,,False,none,0,True,
L0034,Whatnot,@vaultstore,,,,,,,14664,295,62,192,9000,ghosted,,2025-12-25,2,can you do a call fri?,Priya,owner travels a lot,vaultstore,,,,,False,,False,9000.0,True,14664.0,192.0,295.0,62.0,ghosted,,2025-12-25,True,False,[],h:vaultstore,reseller,dm,dm,book_call,active,True,False,False,False,2,0,0,2025-12-29,,,False,positive,0,True,
L0089,Instagram,archivesupply,,,,,,,30651,367,45,116,9000,ghosted,,2026-02-18,1,what brands do you take?,,price sensitive,archivesupply,,,,,False,,False,9000.0,True,30651.0,116.0,367.0,45.0,Ghosted,,2026-02-18,True,False,[],h:archivesupply,reseller,dm,dm,book_call,active,True,False,False,False,1,0,0,2026-02-21,,,False,none,0,True,
L0020,Vinted,sableco,,,,,,,56042,370,27,120,"£9,000",replied,Dec 25,28/12/2025,7,maybe next month,Tomas,high engagement acct,sableco,,,,,False,,False,9000.0,True,56042.0,120.0,370.0,27.0,Reply,2025-12-25,2025-12-28,True,False,[],h:sableco,reseller,dm,dm,book_call,active,True,False,False,False,4,0,0,,,,False,positive,0,True,
L0203,store,,Past Cellar,Greta Reid,info@pastcellar.store,,Leeds,UK,0,,,,410,warm,2026-02-05,27/02/2026,3,"Too busy this season, try later.",,ref from supplier,,Past Cellar,Leeds,UK,info@pastcellar.store,True,,False,410.0,False,0.0,,,,warm,2026-02-05,2026-02-27,True,False,[],s:past cellar|leeds|uk,shop,email,email,book_visit,active,False,True,False,False,0,3,0,,2026-03-04,,False,none,0,True,
L0173,Physical Store,,Second Society,Lena Lopez,info@secondsociety.co.uk,+44 7603 578759,Brighton,UK,,,,0,"£2,220",lost,,Jan 5,6,"Too busy this season, try later.",,price sensitive,,Second Society,Brighton,UK,info@secondsociety.co.uk,True,+447603578759,True,2220.0,False,,0.0,,,lost,,2026-01-05,True,False,[],s:second society|brighton|uk,shop,email,,book_visit,closed,False,True,True,True,0,0,0,,,,False,none,0,True,
L0212,store,,Golden Lane,Sven Marchetti,info@goldenlane.com,07772 893185,Brighton,UK,,,,,4470,new,27/01/2026,,3,"Too busy this season, try later.",,ref from supplier,,Golden Lane,Brighton,UK,info@goldenlane.com,True,07772 893185,True,4470.0,False,,,,,new,2026-01-27,,True,False,[],s:golden lane|brighton|uk,shop,email,,book_visit,active,False,True,True,True,0,3,0,,2026-02-01,,False,none,0,True,
L0178,google_maps,,Golden Cellar,Zoe Petrov,shop@goldencellar.store,+31 966 3623910,Amsterdam,NL,0,,,0,"£5,960",ghosted,2025-12-12,2026-01-19,2,Interested - send pricing.,Priya,slow to reply,,Golden Cellar,Amsterdam,NL,shop@goldencellar.store,True,+319663623910,True,5960.0,False,0.0,0.0,,,ghosted,2025-12-12,2026-01-19,True,False,[],s:golden cellar|amsterdam|nl,shop,email,email,book_visit,active,False,True,True,True,0,2,0,,2026-01-23,,False,positive,0,True,
L0223,Physical Store,,Old Lab,Elena Park,shop@oldlab.co.uk,+49 347 8896729,Berlin,DE,,,,,5820,replied,01/12/2025,28/01/2026,3,We already sell on Vinted.,Tomas,ref from supplier,,Old Lab,Berlin,DE,shop@oldlab.co.uk,True,+493478896729,True,5820.0,False,,,,,replied,2025-12-01,2026-01-28,True,False,[],s:old lab|berlin|de,shop,email,email,book_visit,active,False,True,True,True,0,3,0,,2026-02-02,,False,none,0,True,
L0128,eBay,instagram.com/plumetonicgallery,,Felix,,,,,3408,18,12,36,£170,contacted,2026-02-26,2026-02-28,5,how much for the whole bundle?,Tomas,price sensitive,plumetonicgallery,,,,,False,,False,170.0,False,3408.0,36.0,18.0,12.0,contacted,2026-02-26,2026-02-28,True,False,[],h:plumetonicgallery,reseller,dm,dm,book_call,active,True,False,False,False,4,0,0,,,,False,positive,0,True,
L0048,Depop,instagram.com/thriftretrogallery,,,,,,,5472,49,12,16,330,replied,2025-12-11,2025-12-24,5,whats your commission?,,met at market,thriftretrogallery,,,,,False,,False,330.0,False,5472.0,16.0,49.0,12.0,replied,2025-12-11,2025-12-24,True,False,[],h:thriftretrogallery,reseller,dm,dm,book_call,active,True,False,False,False,4,0,0,,,,False,positive,0,True,
L0031,Whatnot,instagram.com/loomcollective,,,,,,,12419,328,42,154,"£9,000",ghosted,2025-12-01,10/12/2025,4,do you ship to EU?,Tomas,,loomcollective,,,,,False,,False,9000.0,True,12419.0,154.0,328.0,42.0,ghosted,2025-12-01,2025-12-10,True,False,[],h:loomcollective,reseller,dm,dm,book_call,active,True,False,False,False,4,0,0,,,,False,none,0,True,
L0162,store,,Velvet Closet,Hugo Silva,hugosilva@gmail.com,+44 7973 284843,Leeds,UK,,,,,5950,new,,Feb 23,0,Interested - send pricing.,Maya,met at market,,Velvet Closet,Leeds,UK,hugosilva@gmail.com,True,+447973284843,True,5950.0,False,,,,,new lead,,2026-02-23,True,False,[],s:velvet closet|leeds|uk,shop,email,,book_visit,active,False,True,True,True,0,0,0,,2026-03-01,2026-03-01,False,positive,0,True,
L0142,Instagram,sablecinderstudio,,,,,,,19993,202,62,97,9000,warm,2026-01-04,2026-01-10,4,can you do a call fri?,Maya,owner travels a lot,sablecinderstudio,,,,,False,,False,9000.0,True,19993.0,97.0,202.0,62.0,warm,2026-01-04,2026-01-10,True,False,[],h:sablecinderstudio,reseller,dm,dm,book_call,active,True,False,False,False,4,0,0,,,,False,positive,0,True,
L0045,Vinted,retrosepiavintage,,,,,,,2333,123,10,34,1270,replied,2026-01-30,03/02/2026,4,send me the bundle list,Tomas,follows competitor,retrosepiavintage,,,,,False,,False,1270.0,False,2333.0,34.0,123.0,10.0,replied,2026-01-30,2026-02-03,True,False,[],h:retrosepiavintage,reseller,dm,dm,book_call,active,True,False,False,False,4,0,0,,,,False,positive,0,True,
L0107,Vinted,denimretrosupply,,,,,,,3046,18,13,31,£200,replied,2025-12-27,08/01/2026,6,need to think about it,,high engagement acct,denimretrosupply,,,,,False,,False,200.0,False,3046.0,31.0,18.0,13.0,replied,2025-12-27,2026-01-08,True,False,[],h:denimretrosupply,reseller,dm,dm,book_call,active,True,False,False,False,4,0,0,,,,False,none,0,True,
L0077,Vinted,reliccinder_,,,,,,,55595,446,51,121,9000,new,2026-01-26,,0,,Priya,ref from supplier,reliccinder_,,,,,False,,False,9000.0,True,55595.0,121.0,446.0,51.0,New,2026-01-26,,True,False,[],h:reliccinder_,reseller,dm,,book_call,active,True,False,False,False,0,0,0,2026-03-01,,,False,none,0,True,
L0071,IG,instagram.com/vntgcobaltarchive,,Hugo,hugo91@gmail.com,,,,1519,48,32,10,420,replied,2025-12-28,2026-01-01,4,already on another platform tbh,Maya,wants menswear focus,vntgcobaltarchive,,,,hugo91@gmail.com,True,,False,420.0,False,1519.0,10.0,48.0,32.0,replied,2025-12-28,2026-01-01,True,False,[],h:vntgcobaltarchive,reseller,dm,dm,book_call,active,True,True,False,False,4,0,0,,,,False,negative,0,True,
L0177,google_maps,,Loft Bazaar,Mia Romano,miaromano@outlook.com,+1 611 7809450,New York,US,,,,0,3240,new,,2026-02-16,1,,Priya,ref from supplier,,Loft Bazaar,New York,US,miaromano@outlook.com,True,+16117809450,True,3240.0,False,,0.0,,,new,,2026-02-16,True,False,[],s:loft bazaar|new york|us,shop,email,,book_visit,active,False,True,True,True,0,1,0,,2026-02-19,,False,none,0,True,
L0088,instagram_dm,curatedcuratedcollective,,Raj,,,,,1420,70,32,39,2600,replied,2026-02-16,2026-02-26,5,do you ship to EU?,,,curatedcuratedcollective,,,,,False,,False,2600.0,False,1420.0,39.0,70.0,32.0,replied,2026-02-16,2026-02-26,True,False,[],h:curatedcuratedcollective,reseller,dm,dm,book_call,active,True,False,False,False,4,0,0,,,,False,none,0,True,
L0080,Vinted,instagram.com/tonicfadedstudio,,Sven,,,,,5642,53,15,8,190,negotiating,2026-02-17,Feb 19,4,whats your commission?,,"ref from supplier [merged L0257: stage=contacted, said='whats your commission?']",tonicfadedstudio,,,,,False,,False,190.0,False,5642.0,8.0,53.0,15.0,Negotiating,2026-02-17,2026-02-19,True,False,"[""merged_duplicate""]",h:tonicfadedstudio,reseller,dm,,book_call,closed,True,False,False,False,0,0,0,,,,False,positive,0,True,
L0242,in-person,,Velvet Trunk,Nadia Reid,nadiareid29@outlook.com,+31 286 6892778,Amsterdam,NL,0,,,,1730,warm,Dec 20,,0,We already sell on Vinted.,,wants menswear focus,,Velvet Trunk,Amsterdam,NL,nadiareid29@outlook.com,True,+312866892778,True,1730.0,False,0.0,,,,Warm,2025-12-20,,True,False,[],s:velvet trunk|amsterdam|nl,shop,email,email,book_visit,active,False,True,True,True,0,0,0,,2026-03-01,,False,none,0,True,
L0220,store,,Second Closet,Zoe Kaur,shop@secondcloset.store,7788153901,London,UK,,,,,5510,ghosted,,16/01/2026,5,Interested - send pricing.,,,,Second Closet,London,UK,shop@secondcloset.store,True,7788153901,True,5510.0,False,,,,,no response,,2026-01-16,True,False,[],s:second closet|london|uk,shop,email,email,book_visit,active,False,True,True,True,0,4,0,,,,False,positive,0,True,
L0154,Physical Store,,Old Lab,Carlos Silva,info@oldlab.co.uk,+33 699 8199901,Paris,FR,,0,,,5090,ghosted,,2026-02-21,6,,,slow to reply,,Old Lab,Paris,FR,info@oldlab.co.uk,True,+336998199901,True,5090.0,False,,,0.0,,ghosted,,2026-02-21,True,False,[],s:old lab|paris|fr,shop,email,,book_visit,active,False,True,True,True,0,4,0,,,,False,none,0,True,
L0112,eBay,instagram.com/rummagethreads,,Marcus,,,,,6168,59,11,20,260,new,2025-12-19,2026-01-14,1,whats your commission?,,follows competitor,rummagethreads,,,,,False,,False,260.0,False,6168.0,20.0,59.0,11.0,new lead,2025-12-19,2026-01-14,True,False,[],h:rummagethreads,reseller,dm,,book_call,active,True,False,False,False,1,0,0,2026-01-17,,,False,positive,0,True,
L0046,Vinted,@denimwaxthreads,,,,,,,5198,118,20,40,3160,call_booked,2026-02-23,,6,send me the bundle list,,,denimwaxthreads,,,,,False,,False,3160.0,False,5198.0,40.0,118.0,20.0,call booked,2026-02-23,,True,False,[],h:denimwaxthreads,reseller,dm,,book_call,closed,True,False,False,False,0,0,0,,,,False,positive,0,True,
L0090,instagram_dm,@threadbarethreads,,,,,,,191,20,16,32,170,negotiating,2025-12-16,2026-01-21,4,how does payout work,Maya,price sensitive,threadbarethreads,,,,,False,,False,170.0,False,191.0,32.0,20.0,16.0,Negotiating,2025-12-16,2026-01-21,True,False,[],h:threadbarethreads,reseller,dm,,book_call,closed,True,False,False,False,0,0,0,,,,False,none,0,True,
L0246,Physical Store,,Old Rail,Dmitri Khan,shop@oldrail.store,+31 676 1880473,Amsterdam,NL,,0,,,4620,lost,,16/01/2026,3,"Happy to chat, mornings best.",,follows competitor,,Old Rail,Amsterdam,NL,shop@oldrail.store,True,+316761880473,True,4620.0,False,,,0.0,,lost,,2026-01-16,True,False,[],s:old rail|amsterdam|nl,shop,email,,book_visit,closed,False,True,True,True,0,0,0,,,,False,positive,0,True,
L0194,Physical Store,,Blue Edit,Nadia Nguyen,nadianguyen76@gmail.com,07223 378267,Leeds,UK,,,,0,1010,contacted,2026-02-08,23/02/2026,6,We already sell on Vinted.,Priya,high engagement acct,,Blue Edit,Leeds,UK,nadianguyen76@gmail.com,True,07223 378267,True,1010.0,False,,0.0,,,Contacted,2026-02-08,2026-02-23,True,False,[],s:blue edit|leeds|uk,shop,email,email,book_visit,active,False,True,True,True,0,4,0,,,,False,none,0,True,
L0172,store,,Camden Society,Felix Walsh,hello@camdensociety.store,0044712652037,Leeds,UK,,,,,2440,ghosted,2025-12-23,11/01/2026,6,,,ref from supplier,,Camden Society,Leeds,UK,hello@camdensociety.store,True,+44712652037,True,2440.0,False,,,,,Ghosted,2025-12-23,2026-01-11,True,False,[],s:camden society|leeds|uk,shop,email,,book_visit,active,False,True,True,True,0,4,0,,,,False,none,0,True,
L0007,Whatnot,@retrodenimcollective,,,,,,,36629,373,43,137,9000,warm,2025-12-05,2025-12-15,5,,Maya,wants menswear focus,retrodenimcollective,,,,,False,,False,9000.0,True,36629.0,137.0,373.0,43.0,warm,2025-12-05,2025-12-15,True,False,[],h:retrodenimcollective,reseller,dm,,book_call,active,True,False,False,False,4,0,0,,,,False,none,0,True,
L0198,in-person,,Loft Lab,Marcus Lopez,shop@loftlab.com,+33 409 7319885,Paris,FR,0,,,,3060,contacted,2026-01-15,26/01/2026,5,"Thanks, can you email a one-pager?",,ref from supplier,,Loft Lab,Paris,FR,shop@loftlab.com,True,+334097319885,True,3060.0,False,0.0,,,,contacted ,2026-01-15,2026-01-26,True,False,[],s:loft lab|paris|fr,shop,email,email,book_visit,active,False,True,True,True,0,4,0,,,,False,none,0,True,
L0086,IG,@threadbareshop,,,,,,,2623,23,24,19,210,negotiating,2026-01-23,Feb 15,4,do you ship to EU?,Priya,owner travels a lot,threadbareshop,,,,,False,,False,210.0,False,2623.0,19.0,23.0,24.0,negotiating,2026-01-23,2026-02-15,True,False,[],h:threadbareshop,reseller,dm,,book_call,closed,True,False,False,False,0,0,0,,,,False,none,0,True,
L0141,Instagram,instagram.com/emberreworked_uk,,Sven,,,,,1488,92,33,25,2380,negotiating,2025-12-04,27/01/2026,2,whats your commission?,Tomas,ref from supplier,emberreworked_uk,,,,,False,,False,2380.0,False,1488.0,25.0,92.0,33.0,Negotiating,2025-12-04,2026-01-27,True,False,[],h:emberreworked_uk,reseller,dm,,book_call,closed,True,False,False,False,0,0,0,,,,False,positive,0,True,
L0228,google_maps,@archivegrailfinds,Second Trunk,Zoe Janssen,hello@secondtrunk.store,+1 646 5543766,New York,US,,,,,"£4,670",call_booked,2025-12-17,2026-02-15,6,,,high engagement acct,archivegrailfinds,Second Trunk,New York,US,hello@secondtrunk.store,True,+16465543766,True,4670.0,False,,,,,Call Booked,2025-12-17,2026-02-15,True,False,"[""handle_on_store""]",s:second trunk|new york|us,shop,email,,book_visit,closed,False,True,True,True,0,0,0,,,,False,none,0,True,
L0189,google_maps,,Velvet Bazaar,Marta Park,martapark@hotmail.com,+44 7225 121758,Brighton,UK,,,,,1840,won,Jan 10,2026-01-26,0,Interested - send pricing.,Priya,owner travels a lot,,Velvet Bazaar,Brighton,UK,martapark@hotmail.com,True,+447225121758,True,1840.0,False,,,,,WON,2026-01-10,2026-01-26,True,False,[],s:velvet bazaar|brighton|uk,shop,email,,book_visit,closed,False,True,True,True,0,0,0,,,,False,positive,0,True,
L0047,eBay,@cobaltthreads,,,,,,,1783,119,29,28,"£3,470",new,2026-01-30,2026-02-14,1,,,wants menswear focus,cobaltthreads,,,,,False,,False,3470.0,False,1783.0,28.0,119.0,29.0,New,2026-01-30,2026-02-14,True,False,[],h:cobaltthreads,reseller,dm,,book_call,active,True,False,False,False,1,0,0,2026-02-17,,,False,none,0,True,
L0084,eBay,y2kvintage,,Dmitri,,,,,5601,24,15,23,310,new,2025-12-20,2026-02-14,1,"yeah keen, drop details",Priya,slow to reply,y2kvintage,,,,,False,,False,310.0,False,5601.0,23.0,24.0,15.0,New,2025-12-20,2026-02-14,True,False,[],h:y2kvintage,reseller,dm,,book_call,active,True,False,False,False,1,0,0,2026-02-17,,,False,positive,0,True,
L0092,instagram_dm,@plumegrailx,,Bea,,,,,6456,81,29,19,1460,contacted,2026-01-15,2026-02-03,6,need to think about it,,follows competitor,plumegrailx,,,,,False,,False,1460.0,False,6456.0,19.0,81.0,29.0,contacted,2026-01-15,2026-02-03,True,False,[],h:plumegrailx,reseller,dm,dm,book_call,active,True,False,False,False,4,0,0,,,,False,none,0,True,
